-- phpMyAdmin SQL Dump
-- version 5.2.1
-- https://www.phpmyadmin.net/
--
-- Host: 127.0.0.1
-- Generation Time: Sep 17, 2025 at 11:41 PM
-- Server version: 10.4.28-MariaDB
-- PHP Version: 8.2.4

SET SQL_MODE = "NO_AUTO_VALUE_ON_ZERO";
START TRANSACTION;
SET time_zone = "+00:00";


/*!40101 SET @OLD_CHARACTER_SET_CLIENT=@@CHARACTER_SET_CLIENT */;
/*!40101 SET @OLD_CHARACTER_SET_RESULTS=@@CHARACTER_SET_RESULTS */;
/*!40101 SET @OLD_COLLATION_CONNECTION=@@COLLATION_CONNECTION */;
/*!40101 SET NAMES utf8mb4 */;

--
-- Database: `cqi`
--

-- --------------------------------------------------------

--
-- Table structure for table `account`
--

CREATE TABLE `account` (
  `userID` int(25) NOT NULL,
  `username` varchar(50) NOT NULL,
  `email` varchar(100) NOT NULL,
  `password` varchar(255) NOT NULL,
  `usertype` varchar(25) NOT NULL,
  `status` varchar(11) NOT NULL
) ENGINE=InnoDB DEFAULT CHARSET=utf8mb4 COLLATE=utf8mb4_general_ci;

--
-- Dumping data for table `account`
--

INSERT INTO `account` (`userID`, `username`, `email`, `password`, `usertype`, `status`) VALUES
(111, 'macoy', '1@1', '$2y$10$SH3lgekP2n3ddqs6OAPd3.EHOLqTqjeW3z7VK8iOXOuK/8fAso68i', 'Programhead', 'Active'),
(321, 'Ni Hao Fyn Shi', 'mark@cvsu.edu.ph', '$2y$10$B6dkhbW.qi5Y4ekVVVvf8u4Y7zpAihMhjFbXr86TyKeYkoTQuBCgi', 'Programhead', 'Active'),
(12345, 'Wil Chair', '3@3', '$2y$10$eYb5B5PELufp.priRCmNgutlQI7JlZ04XF045nzJMHrcb201.tUsi', 'Chairperson', 'Active'),
(20191182, 'M Credito', 'm.credito@gmail.com', '$2y$10$zcNH4T9D.EESVO6PZqNWhOJxkJN2n/4TiV/yk71ZY133vUspYBUs2', 'Faculty', 'Inactive'),
(201911757, 'admin', 'wil@yahoo.com', '$2y$10$xBnXRSwow61pIb93Sl4wY.EpaE2QK9aYFbLvK5tqB5EzwwaP22jBm', 'Admin', 'Active'),
(201911777, 'marlowkey', 'dag@wil.enr', '$2y$10$CV8rP0ohdlIxAntXBwDfv.d2VhhPEwef6SIpqMp2mmTBHOpBIr3x6', 'Faculty', 'Active'),
(202012345, 'Nagana naman eh', 'm@cvsu.edu.ph', '$2y$10$QfUwzO5Deh6iFE0z8DwIWOU26R4dTxNgLAvtk0VM0gZGzTN4neO7a', 'Faculty', 'Active');

-- --------------------------------------------------------

--
-- Table structure for table `course`
--

CREATE TABLE `course` (
  `cid` int(11) NOT NULL,
  `course_code` varchar(11) NOT NULL,
  `course_name` varchar(255) NOT NULL
) ENGINE=InnoDB DEFAULT CHARSET=utf8mb4 COLLATE=utf8mb4_general_ci;

--
-- Dumping data for table `course`
--

INSERT INTO `course` (`cid`, `course_code`, `course_name`) VALUES
(1, 'BSIT', 'Bachelor of Science in Information Technology'),
(2, 'BSCS', 'Bachelor of Science in Computer Science'),
(5, 'BSEE', 'Bachelor of Science in Electrical Engineering');

-- --------------------------------------------------------

--
-- Table structure for table `department`
--

CREATE TABLE `department` (
  `dept_id` int(11) NOT NULL,
  `userID` int(11) NOT NULL,
  `department_name` varchar(255) NOT NULL,
  `cid` int(11) DEFAULT NULL
) ENGINE=InnoDB DEFAULT CHARSET=latin1 COLLATE=latin1_swedish_ci;

--
-- Dumping data for table `department`
--

INSERT INTO `department` (`dept_id`, `userID`, `department_name`, `cid`) VALUES
(7, 321, 'Bachelor of Science in Computer Science', 2),
(114, 12345, 'Bachelor of Science in Computer Science', 2),
(115, 111, 'Bachelor of Science in Information Technology', 1);

-- --------------------------------------------------------

--
-- Table structure for table `faps`
--

CREATE TABLE `faps` (
  `ID` int(25) NOT NULL,
  `schedule_id` int(11) NOT NULL,
  `exam_type` enum('midterm','finals') NOT NULL,
  `ILO` int(11) NOT NULL,
  `APS` varchar(255) NOT NULL,
  `p_timeline` varchar(100) NOT NULL,
  `comments` varchar(255) NOT NULL
) ENGINE=InnoDB DEFAULT CHARSET=utf8mb4 COLLATE=utf8mb4_general_ci;

-- --------------------------------------------------------

--
-- Table structure for table `fclassrec`
--

CREATE TABLE `fclassrec` (
  `fid` int(11) NOT NULL,
  `schedule_id` int(11) NOT NULL,
  `studID` int(11) NOT NULL,
  `fullname` varchar(255) NOT NULL,
  `exam_type` enum('midterm','finals','','') NOT NULL,
  `Q1` int(11) DEFAULT NULL,
  `Q2` int(11) DEFAULT NULL,
  `Q3` int(11) DEFAULT NULL,
  `Q4` int(11) DEFAULT NULL,
  `Q5` int(11) DEFAULT NULL,
  `Q6` int(11) DEFAULT NULL,
  `Q7` int(11) DEFAULT NULL,
  `Q8` int(11) DEFAULT NULL,
  `Q9` int(11) DEFAULT NULL,
  `Q10` int(11) DEFAULT NULL,
  `Q11` int(11) DEFAULT NULL,
  `Q12` int(11) DEFAULT NULL,
  `Q13` int(11) DEFAULT NULL,
  `Q14` int(11) DEFAULT NULL,
  `Q15` int(11) DEFAULT NULL,
  `Q16` int(11) DEFAULT NULL,
  `Q17` int(11) DEFAULT NULL,
  `Q18` int(11) DEFAULT NULL,
  `Q19` int(11) DEFAULT NULL,
  `Q20` int(11) DEFAULT NULL,
  `Q21` int(11) DEFAULT NULL,
  `Q22` int(11) DEFAULT NULL,
  `Q23` int(11) DEFAULT NULL,
  `Q24` int(11) DEFAULT NULL,
  `Q25` int(11) DEFAULT NULL,
  `Q26` int(11) DEFAULT NULL,
  `Q27` int(11) DEFAULT NULL,
  `Q28` int(11) DEFAULT NULL,
  `Q29` int(11) DEFAULT NULL,
  `Q30` int(11) DEFAULT NULL,
  `Q31` int(11) DEFAULT NULL,
  `Q32` int(11) DEFAULT NULL,
  `Q33` int(11) DEFAULT NULL,
  `Q34` int(11) DEFAULT NULL,
  `Q35` int(11) DEFAULT NULL,
  `Q36` int(11) DEFAULT NULL,
  `Q37` int(11) DEFAULT NULL,
  `Q38` int(11) DEFAULT NULL,
  `Q39` int(11) DEFAULT NULL,
  `Q40` int(11) DEFAULT NULL,
  `Q41` int(11) DEFAULT NULL,
  `Q42` int(11) DEFAULT NULL,
  `Q43` int(11) DEFAULT NULL,
  `Q44` int(11) DEFAULT NULL,
  `Q45` int(11) DEFAULT NULL,
  `Q46` int(11) DEFAULT NULL,
  `Q47` int(11) DEFAULT NULL,
  `Q48` int(11) DEFAULT NULL,
  `Q49` int(11) DEFAULT NULL,
  `Q50` int(11) DEFAULT NULL,
  `Q51` int(11) DEFAULT NULL,
  `Q52` int(11) DEFAULT NULL,
  `Q53` int(11) DEFAULT NULL,
  `Q54` int(11) DEFAULT NULL,
  `Q55` int(11) DEFAULT NULL,
  `Q56` int(11) DEFAULT NULL,
  `Q57` int(11) DEFAULT NULL,
  `Q58` int(11) DEFAULT NULL,
  `Q59` int(11) DEFAULT NULL,
  `Q60` int(11) DEFAULT NULL,
  `Q61` int(11) DEFAULT NULL,
  `Q62` int(11) DEFAULT NULL,
  `Q63` int(11) DEFAULT NULL,
  `Q64` int(11) DEFAULT NULL,
  `Q65` int(11) DEFAULT NULL,
  `Q66` int(11) DEFAULT NULL,
  `Q67` int(11) DEFAULT NULL,
  `Q68` int(11) DEFAULT NULL,
  `Q69` int(11) DEFAULT NULL,
  `Q70` int(11) DEFAULT NULL,
  `Q71` int(11) DEFAULT NULL,
  `Q72` int(11) DEFAULT NULL,
  `Q73` int(11) DEFAULT NULL,
  `Q74` int(11) DEFAULT NULL,
  `Q75` int(11) DEFAULT NULL,
  `Q76` int(11) DEFAULT NULL,
  `Q77` int(11) DEFAULT NULL,
  `Q78` int(11) DEFAULT NULL,
  `Q79` int(11) DEFAULT NULL,
  `Q80` int(11) DEFAULT NULL,
  `Q81` int(11) DEFAULT NULL,
  `Q82` int(11) DEFAULT NULL,
  `Q83` int(11) DEFAULT NULL,
  `Q84` int(11) DEFAULT NULL,
  `Q85` int(11) DEFAULT NULL,
  `Q86` int(11) DEFAULT NULL,
  `Q87` int(11) DEFAULT NULL,
  `Q88` int(11) DEFAULT NULL,
  `Q89` int(11) DEFAULT NULL,
  `Q90` int(11) DEFAULT NULL,
  `Q91` int(11) DEFAULT NULL,
  `Q92` int(11) DEFAULT NULL,
  `Q93` int(11) DEFAULT NULL,
  `Q94` int(11) DEFAULT NULL,
  `Q95` int(11) DEFAULT NULL,
  `Q96` int(11) DEFAULT NULL,
  `Q97` int(11) DEFAULT NULL,
  `Q98` int(11) DEFAULT NULL,
  `Q99` int(11) DEFAULT NULL,
  `Q100` int(11) DEFAULT NULL,
  `fqsum` int(11) NOT NULL
) ENGINE=InnoDB DEFAULT CHARSET=latin1 COLLATE=latin1_swedish_ci;

--
-- Dumping data for table `fclassrec`
--

INSERT INTO `fclassrec` (`fid`, `schedule_id`, `studID`, `fullname`, `exam_type`, `Q1`, `Q2`, `Q3`, `Q4`, `Q5`, `Q6`, `Q7`, `Q8`, `Q9`, `Q10`, `Q11`, `Q12`, `Q13`, `Q14`, `Q15`, `Q16`, `Q17`, `Q18`, `Q19`, `Q20`, `Q21`, `Q22`, `Q23`, `Q24`, `Q25`, `Q26`, `Q27`, `Q28`, `Q29`, `Q30`, `Q31`, `Q32`, `Q33`, `Q34`, `Q35`, `Q36`, `Q37`, `Q38`, `Q39`, `Q40`, `Q41`, `Q42`, `Q43`, `Q44`, `Q45`, `Q46`, `Q47`, `Q48`, `Q49`, `Q50`, `Q51`, `Q52`, `Q53`, `Q54`, `Q55`, `Q56`, `Q57`, `Q58`, `Q59`, `Q60`, `Q61`, `Q62`, `Q63`, `Q64`, `Q65`, `Q66`, `Q67`, `Q68`, `Q69`, `Q70`, `Q71`, `Q72`, `Q73`, `Q74`, `Q75`, `Q76`, `Q77`, `Q78`, `Q79`, `Q80`, `Q81`, `Q82`, `Q83`, `Q84`, `Q85`, `Q86`, `Q87`, `Q88`, `Q89`, `Q90`, `Q91`, `Q92`, `Q93`, `Q94`, `Q95`, `Q96`, `Q97`, `Q98`, `Q99`, `Q100`, `fqsum`) VALUES
(1, 20240006, 202204291, 'AGOHON, ADRIAN C.', 'finals', NULL, NULL, NULL, NULL, NULL, NULL, NULL, NULL, NULL, NULL, NULL, NULL, NULL, NULL, NULL, NULL, NULL, NULL, NULL, NULL, NULL, NULL, NULL, NULL, NULL, NULL, NULL, NULL, NULL, NULL, NULL, NULL, NULL, NULL, NULL, NULL, NULL, NULL, NULL, NULL, NULL, NULL, NULL, NULL, NULL, NULL, NULL, NULL, NULL, NULL, NULL, NULL, NULL, NULL, NULL, NULL, NULL, NULL, NULL, NULL, NULL, NULL, NULL, NULL, NULL, NULL, NULL, NULL, NULL, NULL, NULL, NULL, NULL, NULL, NULL, NULL, NULL, NULL, NULL, NULL, NULL, NULL, NULL, NULL, NULL, NULL, NULL, NULL, NULL, NULL, NULL, NULL, NULL, NULL, NULL, NULL, NULL, NULL, NULL, NULL, 0),
(2, 20240006, 202201567, 'ARIAS, RIK JANSEN L.', 'finals', NULL, NULL, NULL, NULL, NULL, NULL, NULL, NULL, NULL, NULL, NULL, NULL, NULL, NULL, NULL, NULL, NULL, NULL, NULL, NULL, NULL, NULL, NULL, NULL, NULL, NULL, NULL, NULL, NULL, NULL, NULL, NULL, NULL, NULL, NULL, NULL, NULL, NULL, NULL, NULL, NULL, NULL, NULL, NULL, NULL, NULL, NULL, NULL, NULL, NULL, NULL, NULL, NULL, NULL, NULL, NULL, NULL, NULL, NULL, NULL, NULL, NULL, NULL, NULL, NULL, NULL, NULL, NULL, NULL, NULL, NULL, NULL, NULL, NULL, NULL, NULL, NULL, NULL, NULL, NULL, NULL, NULL, NULL, NULL, NULL, NULL, NULL, NULL, NULL, NULL, NULL, NULL, NULL, NULL, NULL, NULL, NULL, NULL, NULL, NULL, 0),
(3, 20240006, 202200179, 'BUENO, MICHAEL CHRISTIAN S.', 'finals', NULL, NULL, NULL, NULL, NULL, NULL, NULL, NULL, NULL, NULL, NULL, NULL, NULL, NULL, NULL, NULL, NULL, NULL, NULL, NULL, NULL, NULL, NULL, NULL, NULL, NULL, NULL, NULL, NULL, NULL, NULL, NULL, NULL, NULL, NULL, NULL, NULL, NULL, NULL, NULL, NULL, NULL, NULL, NULL, NULL, NULL, NULL, NULL, NULL, NULL, NULL, NULL, NULL, NULL, NULL, NULL, NULL, NULL, NULL, NULL, NULL, NULL, NULL, NULL, NULL, NULL, NULL, NULL, NULL, NULL, NULL, NULL, NULL, NULL, NULL, NULL, NULL, NULL, NULL, NULL, NULL, NULL, NULL, NULL, NULL, NULL, NULL, NULL, NULL, NULL, NULL, NULL, NULL, NULL, NULL, NULL, NULL, NULL, NULL, NULL, 0),
(4, 20240006, 202200342, 'CAHIGAN, ARMAE S.', 'finals', NULL, NULL, NULL, NULL, NULL, NULL, NULL, NULL, NULL, NULL, NULL, NULL, NULL, NULL, NULL, NULL, NULL, NULL, NULL, NULL, NULL, NULL, NULL, NULL, NULL, NULL, NULL, NULL, NULL, NULL, NULL, NULL, NULL, NULL, NULL, NULL, NULL, NULL, NULL, NULL, NULL, NULL, NULL, NULL, NULL, NULL, NULL, NULL, NULL, NULL, NULL, NULL, NULL, NULL, NULL, NULL, NULL, NULL, NULL, NULL, NULL, NULL, NULL, NULL, NULL, NULL, NULL, NULL, NULL, NULL, NULL, NULL, NULL, NULL, NULL, NULL, NULL, NULL, NULL, NULL, NULL, NULL, NULL, NULL, NULL, NULL, NULL, NULL, NULL, NULL, NULL, NULL, NULL, NULL, NULL, NULL, NULL, NULL, NULL, NULL, 0),
(5, 20240006, 202202902, 'COQUILLA, SAFEEYA AZE B.', 'finals', NULL, NULL, NULL, NULL, NULL, NULL, NULL, NULL, NULL, NULL, NULL, NULL, NULL, NULL, NULL, NULL, NULL, NULL, NULL, NULL, NULL, NULL, NULL, NULL, NULL, NULL, NULL, NULL, NULL, NULL, NULL, NULL, NULL, NULL, NULL, NULL, NULL, NULL, NULL, NULL, NULL, NULL, NULL, NULL, NULL, NULL, NULL, NULL, NULL, NULL, NULL, NULL, NULL, NULL, NULL, NULL, NULL, NULL, NULL, NULL, NULL, NULL, NULL, NULL, NULL, NULL, NULL, NULL, NULL, NULL, NULL, NULL, NULL, NULL, NULL, NULL, NULL, NULL, NULL, NULL, NULL, NULL, NULL, NULL, NULL, NULL, NULL, NULL, NULL, NULL, NULL, NULL, NULL, NULL, NULL, NULL, NULL, NULL, NULL, NULL, 0),
(6, 20240006, 202201676, 'CRUZ, ARON PAUL D.', 'finals', NULL, NULL, NULL, NULL, NULL, NULL, NULL, NULL, NULL, NULL, NULL, NULL, NULL, NULL, NULL, NULL, NULL, NULL, NULL, NULL, NULL, NULL, NULL, NULL, NULL, NULL, NULL, NULL, NULL, NULL, NULL, NULL, NULL, NULL, NULL, NULL, NULL, NULL, NULL, NULL, NULL, NULL, NULL, NULL, NULL, NULL, NULL, NULL, NULL, NULL, NULL, NULL, NULL, NULL, NULL, NULL, NULL, NULL, NULL, NULL, NULL, NULL, NULL, NULL, NULL, NULL, NULL, NULL, NULL, NULL, NULL, NULL, NULL, NULL, NULL, NULL, NULL, NULL, NULL, NULL, NULL, NULL, NULL, NULL, NULL, NULL, NULL, NULL, NULL, NULL, NULL, NULL, NULL, NULL, NULL, NULL, NULL, NULL, NULL, NULL, 0),
(7, 20240006, 202200750, 'DORMIDO, JOANNA MAE R.', 'finals', NULL, NULL, NULL, NULL, NULL, NULL, NULL, NULL, NULL, NULL, NULL, NULL, NULL, NULL, NULL, NULL, NULL, NULL, NULL, NULL, NULL, NULL, NULL, NULL, NULL, NULL, NULL, NULL, NULL, NULL, NULL, NULL, NULL, NULL, NULL, NULL, NULL, NULL, NULL, NULL, NULL, NULL, NULL, NULL, NULL, NULL, NULL, NULL, NULL, NULL, NULL, NULL, NULL, NULL, NULL, NULL, NULL, NULL, NULL, NULL, NULL, NULL, NULL, NULL, NULL, NULL, NULL, NULL, NULL, NULL, NULL, NULL, NULL, NULL, NULL, NULL, NULL, NULL, NULL, NULL, NULL, NULL, NULL, NULL, NULL, NULL, NULL, NULL, NULL, NULL, NULL, NULL, NULL, NULL, NULL, NULL, NULL, NULL, NULL, NULL, 0),
(8, 20240006, 202200885, 'ESPARTINEZ, JERVIN ROI P.', 'finals', NULL, NULL, NULL, NULL, NULL, NULL, NULL, NULL, NULL, NULL, NULL, NULL, NULL, NULL, NULL, NULL, NULL, NULL, NULL, NULL, NULL, NULL, NULL, NULL, NULL, NULL, NULL, NULL, NULL, NULL, NULL, NULL, NULL, NULL, NULL, NULL, NULL, NULL, NULL, NULL, NULL, NULL, NULL, NULL, NULL, NULL, NULL, NULL, NULL, NULL, NULL, NULL, NULL, NULL, NULL, NULL, NULL, NULL, NULL, NULL, NULL, NULL, NULL, NULL, NULL, NULL, NULL, NULL, NULL, NULL, NULL, NULL, NULL, NULL, NULL, NULL, NULL, NULL, NULL, NULL, NULL, NULL, NULL, NULL, NULL, NULL, NULL, NULL, NULL, NULL, NULL, NULL, NULL, NULL, NULL, NULL, NULL, NULL, NULL, NULL, 0),
(9, 20240006, 202202585, 'FELLO, JOHN MARIONNE J.', 'finals', NULL, NULL, NULL, NULL, NULL, NULL, NULL, NULL, NULL, NULL, NULL, NULL, NULL, NULL, NULL, NULL, NULL, NULL, NULL, NULL, NULL, NULL, NULL, NULL, NULL, NULL, NULL, NULL, NULL, NULL, NULL, NULL, NULL, NULL, NULL, NULL, NULL, NULL, NULL, NULL, NULL, NULL, NULL, NULL, NULL, NULL, NULL, NULL, NULL, NULL, NULL, NULL, NULL, NULL, NULL, NULL, NULL, NULL, NULL, NULL, NULL, NULL, NULL, NULL, NULL, NULL, NULL, NULL, NULL, NULL, NULL, NULL, NULL, NULL, NULL, NULL, NULL, NULL, NULL, NULL, NULL, NULL, NULL, NULL, NULL, NULL, NULL, NULL, NULL, NULL, NULL, NULL, NULL, NULL, NULL, NULL, NULL, NULL, NULL, NULL, 0),
(10, 20240006, 202201889, 'GRANADA, ROSHEL ANNE G.', 'finals', NULL, NULL, NULL, NULL, NULL, NULL, NULL, NULL, NULL, NULL, NULL, NULL, NULL, NULL, NULL, NULL, NULL, NULL, NULL, NULL, NULL, NULL, NULL, NULL, NULL, NULL, NULL, NULL, NULL, NULL, NULL, NULL, NULL, NULL, NULL, NULL, NULL, NULL, NULL, NULL, NULL, NULL, NULL, NULL, NULL, NULL, NULL, NULL, NULL, NULL, NULL, NULL, NULL, NULL, NULL, NULL, NULL, NULL, NULL, NULL, NULL, NULL, NULL, NULL, NULL, NULL, NULL, NULL, NULL, NULL, NULL, NULL, NULL, NULL, NULL, NULL, NULL, NULL, NULL, NULL, NULL, NULL, NULL, NULL, NULL, NULL, NULL, NULL, NULL, NULL, NULL, NULL, NULL, NULL, NULL, NULL, NULL, NULL, NULL, NULL, 0),
(11, 20240006, 202204557, 'LAYOSA, MARLEX B.', 'finals', NULL, NULL, NULL, NULL, NULL, NULL, NULL, NULL, NULL, NULL, NULL, NULL, NULL, NULL, NULL, NULL, NULL, NULL, NULL, NULL, NULL, NULL, NULL, NULL, NULL, NULL, NULL, NULL, NULL, NULL, NULL, NULL, NULL, NULL, NULL, NULL, NULL, NULL, NULL, NULL, NULL, NULL, NULL, NULL, NULL, NULL, NULL, NULL, NULL, NULL, NULL, NULL, NULL, NULL, NULL, NULL, NULL, NULL, NULL, NULL, NULL, NULL, NULL, NULL, NULL, NULL, NULL, NULL, NULL, NULL, NULL, NULL, NULL, NULL, NULL, NULL, NULL, NULL, NULL, NULL, NULL, NULL, NULL, NULL, NULL, NULL, NULL, NULL, NULL, NULL, NULL, NULL, NULL, NULL, NULL, NULL, NULL, NULL, NULL, NULL, 0),
(12, 20240006, 202201424, 'LOZADA, KEMUEL R.', 'finals', NULL, NULL, NULL, NULL, NULL, NULL, NULL, NULL, NULL, NULL, NULL, NULL, NULL, NULL, NULL, NULL, NULL, NULL, NULL, NULL, NULL, NULL, NULL, NULL, NULL, NULL, NULL, NULL, NULL, NULL, NULL, NULL, NULL, NULL, NULL, NULL, NULL, NULL, NULL, NULL, NULL, NULL, NULL, NULL, NULL, NULL, NULL, NULL, NULL, NULL, NULL, NULL, NULL, NULL, NULL, NULL, NULL, NULL, NULL, NULL, NULL, NULL, NULL, NULL, NULL, NULL, NULL, NULL, NULL, NULL, NULL, NULL, NULL, NULL, NULL, NULL, NULL, NULL, NULL, NULL, NULL, NULL, NULL, NULL, NULL, NULL, NULL, NULL, NULL, NULL, NULL, NULL, NULL, NULL, NULL, NULL, NULL, NULL, NULL, NULL, 0),
(13, 20240006, 202201078, 'PARNALA, LOUIZE REIGNIER S.', 'finals', NULL, NULL, NULL, NULL, NULL, NULL, NULL, NULL, NULL, NULL, NULL, NULL, NULL, NULL, NULL, NULL, NULL, NULL, NULL, NULL, NULL, NULL, NULL, NULL, NULL, NULL, NULL, NULL, NULL, NULL, NULL, NULL, NULL, NULL, NULL, NULL, NULL, NULL, NULL, NULL, NULL, NULL, NULL, NULL, NULL, NULL, NULL, NULL, NULL, NULL, NULL, NULL, NULL, NULL, NULL, NULL, NULL, NULL, NULL, NULL, NULL, NULL, NULL, NULL, NULL, NULL, NULL, NULL, NULL, NULL, NULL, NULL, NULL, NULL, NULL, NULL, NULL, NULL, NULL, NULL, NULL, NULL, NULL, NULL, NULL, NULL, NULL, NULL, NULL, NULL, NULL, NULL, NULL, NULL, NULL, NULL, NULL, NULL, NULL, NULL, 0),
(14, 20240006, 202201879, 'PATAM, MA. KRISTINA B.', 'finals', NULL, NULL, NULL, NULL, NULL, NULL, NULL, NULL, NULL, NULL, NULL, NULL, NULL, NULL, NULL, NULL, NULL, NULL, NULL, NULL, NULL, NULL, NULL, NULL, NULL, NULL, NULL, NULL, NULL, NULL, NULL, NULL, NULL, NULL, NULL, NULL, NULL, NULL, NULL, NULL, NULL, NULL, NULL, NULL, NULL, NULL, NULL, NULL, NULL, NULL, NULL, NULL, NULL, NULL, NULL, NULL, NULL, NULL, NULL, NULL, NULL, NULL, NULL, NULL, NULL, NULL, NULL, NULL, NULL, NULL, NULL, NULL, NULL, NULL, NULL, NULL, NULL, NULL, NULL, NULL, NULL, NULL, NULL, NULL, NULL, NULL, NULL, NULL, NULL, NULL, NULL, NULL, NULL, NULL, NULL, NULL, NULL, NULL, NULL, NULL, 0),
(15, 20240006, 202203795, 'PINCA, CHAZNEI T.', 'finals', NULL, NULL, NULL, NULL, NULL, NULL, NULL, NULL, NULL, NULL, NULL, NULL, NULL, NULL, NULL, NULL, NULL, NULL, NULL, NULL, NULL, NULL, NULL, NULL, NULL, NULL, NULL, NULL, NULL, NULL, NULL, NULL, NULL, NULL, NULL, NULL, NULL, NULL, NULL, NULL, NULL, NULL, NULL, NULL, NULL, NULL, NULL, NULL, NULL, NULL, NULL, NULL, NULL, NULL, NULL, NULL, NULL, NULL, NULL, NULL, NULL, NULL, NULL, NULL, NULL, NULL, NULL, NULL, NULL, NULL, NULL, NULL, NULL, NULL, NULL, NULL, NULL, NULL, NULL, NULL, NULL, NULL, NULL, NULL, NULL, NULL, NULL, NULL, NULL, NULL, NULL, NULL, NULL, NULL, NULL, NULL, NULL, NULL, NULL, NULL, 0),
(16, 20240006, 202202507, 'PINTOY, DERICK RICCIE V.', 'finals', NULL, NULL, NULL, NULL, NULL, NULL, NULL, NULL, NULL, NULL, NULL, NULL, NULL, NULL, NULL, NULL, NULL, NULL, NULL, NULL, NULL, NULL, NULL, NULL, NULL, NULL, NULL, NULL, NULL, NULL, NULL, NULL, NULL, NULL, NULL, NULL, NULL, NULL, NULL, NULL, NULL, NULL, NULL, NULL, NULL, NULL, NULL, NULL, NULL, NULL, NULL, NULL, NULL, NULL, NULL, NULL, NULL, NULL, NULL, NULL, NULL, NULL, NULL, NULL, NULL, NULL, NULL, NULL, NULL, NULL, NULL, NULL, NULL, NULL, NULL, NULL, NULL, NULL, NULL, NULL, NULL, NULL, NULL, NULL, NULL, NULL, NULL, NULL, NULL, NULL, NULL, NULL, NULL, NULL, NULL, NULL, NULL, NULL, NULL, NULL, 0),
(17, 20240006, 202203143, 'POLIDO, NADINE P.', 'finals', NULL, NULL, NULL, NULL, NULL, NULL, NULL, NULL, NULL, NULL, NULL, NULL, NULL, NULL, NULL, NULL, NULL, NULL, NULL, NULL, NULL, NULL, NULL, NULL, NULL, NULL, NULL, NULL, NULL, NULL, NULL, NULL, NULL, NULL, NULL, NULL, NULL, NULL, NULL, NULL, NULL, NULL, NULL, NULL, NULL, NULL, NULL, NULL, NULL, NULL, NULL, NULL, NULL, NULL, NULL, NULL, NULL, NULL, NULL, NULL, NULL, NULL, NULL, NULL, NULL, NULL, NULL, NULL, NULL, NULL, NULL, NULL, NULL, NULL, NULL, NULL, NULL, NULL, NULL, NULL, NULL, NULL, NULL, NULL, NULL, NULL, NULL, NULL, NULL, NULL, NULL, NULL, NULL, NULL, NULL, NULL, NULL, NULL, NULL, NULL, 0),
(18, 20240006, 202202215, 'QUIJANO, MIEKYLA D.', 'finals', NULL, NULL, NULL, NULL, NULL, NULL, NULL, NULL, NULL, NULL, NULL, NULL, NULL, NULL, NULL, NULL, NULL, NULL, NULL, NULL, NULL, NULL, NULL, NULL, NULL, NULL, NULL, NULL, NULL, NULL, NULL, NULL, NULL, NULL, NULL, NULL, NULL, NULL, NULL, NULL, NULL, NULL, NULL, NULL, NULL, NULL, NULL, NULL, NULL, NULL, NULL, NULL, NULL, NULL, NULL, NULL, NULL, NULL, NULL, NULL, NULL, NULL, NULL, NULL, NULL, NULL, NULL, NULL, NULL, NULL, NULL, NULL, NULL, NULL, NULL, NULL, NULL, NULL, NULL, NULL, NULL, NULL, NULL, NULL, NULL, NULL, NULL, NULL, NULL, NULL, NULL, NULL, NULL, NULL, NULL, NULL, NULL, NULL, NULL, NULL, 0),
(19, 20240006, 202200378, 'RAMOS, ZACH RANIEL S.', 'finals', NULL, NULL, NULL, NULL, NULL, NULL, NULL, NULL, NULL, NULL, NULL, NULL, NULL, NULL, NULL, NULL, NULL, NULL, NULL, NULL, NULL, NULL, NULL, NULL, NULL, NULL, NULL, NULL, NULL, NULL, NULL, NULL, NULL, NULL, NULL, NULL, NULL, NULL, NULL, NULL, NULL, NULL, NULL, NULL, NULL, NULL, NULL, NULL, NULL, NULL, NULL, NULL, NULL, NULL, NULL, NULL, NULL, NULL, NULL, NULL, NULL, NULL, NULL, NULL, NULL, NULL, NULL, NULL, NULL, NULL, NULL, NULL, NULL, NULL, NULL, NULL, NULL, NULL, NULL, NULL, NULL, NULL, NULL, NULL, NULL, NULL, NULL, NULL, NULL, NULL, NULL, NULL, NULL, NULL, NULL, NULL, NULL, NULL, NULL, NULL, 0),
(20, 20240006, 202201259, 'REGIS, KATRINE ANN A.', 'finals', NULL, NULL, NULL, NULL, NULL, NULL, NULL, NULL, NULL, NULL, NULL, NULL, NULL, NULL, NULL, NULL, NULL, NULL, NULL, NULL, NULL, NULL, NULL, NULL, NULL, NULL, NULL, NULL, NULL, NULL, NULL, NULL, NULL, NULL, NULL, NULL, NULL, NULL, NULL, NULL, NULL, NULL, NULL, NULL, NULL, NULL, NULL, NULL, NULL, NULL, NULL, NULL, NULL, NULL, NULL, NULL, NULL, NULL, NULL, NULL, NULL, NULL, NULL, NULL, NULL, NULL, NULL, NULL, NULL, NULL, NULL, NULL, NULL, NULL, NULL, NULL, NULL, NULL, NULL, NULL, NULL, NULL, NULL, NULL, NULL, NULL, NULL, NULL, NULL, NULL, NULL, NULL, NULL, NULL, NULL, NULL, NULL, NULL, NULL, NULL, 0),
(21, 20240006, 202200883, 'RODEO, JHANE THRIZHA ANNE B.', 'finals', NULL, NULL, NULL, NULL, NULL, NULL, NULL, NULL, NULL, NULL, NULL, NULL, NULL, NULL, NULL, NULL, NULL, NULL, NULL, NULL, NULL, NULL, NULL, NULL, NULL, NULL, NULL, NULL, NULL, NULL, NULL, NULL, NULL, NULL, NULL, NULL, NULL, NULL, NULL, NULL, NULL, NULL, NULL, NULL, NULL, NULL, NULL, NULL, NULL, NULL, NULL, NULL, NULL, NULL, NULL, NULL, NULL, NULL, NULL, NULL, NULL, NULL, NULL, NULL, NULL, NULL, NULL, NULL, NULL, NULL, NULL, NULL, NULL, NULL, NULL, NULL, NULL, NULL, NULL, NULL, NULL, NULL, NULL, NULL, NULL, NULL, NULL, NULL, NULL, NULL, NULL, NULL, NULL, NULL, NULL, NULL, NULL, NULL, NULL, NULL, 0),
(22, 20240006, 202204496, 'ROMANES, ALYSSA DENISE V.', 'finals', NULL, NULL, NULL, NULL, NULL, NULL, NULL, NULL, NULL, NULL, NULL, NULL, NULL, NULL, NULL, NULL, NULL, NULL, NULL, NULL, NULL, NULL, NULL, NULL, NULL, NULL, NULL, NULL, NULL, NULL, NULL, NULL, NULL, NULL, NULL, NULL, NULL, NULL, NULL, NULL, NULL, NULL, NULL, NULL, NULL, NULL, NULL, NULL, NULL, NULL, NULL, NULL, NULL, NULL, NULL, NULL, NULL, NULL, NULL, NULL, NULL, NULL, NULL, NULL, NULL, NULL, NULL, NULL, NULL, NULL, NULL, NULL, NULL, NULL, NULL, NULL, NULL, NULL, NULL, NULL, NULL, NULL, NULL, NULL, NULL, NULL, NULL, NULL, NULL, NULL, NULL, NULL, NULL, NULL, NULL, NULL, NULL, NULL, NULL, NULL, 0),
(23, 20240006, 202201677, 'ROMASANTA, GUIAN M.', 'finals', NULL, NULL, NULL, NULL, NULL, NULL, NULL, NULL, NULL, NULL, NULL, NULL, NULL, NULL, NULL, NULL, NULL, NULL, NULL, NULL, NULL, NULL, NULL, NULL, NULL, NULL, NULL, NULL, NULL, NULL, NULL, NULL, NULL, NULL, NULL, NULL, NULL, NULL, NULL, NULL, NULL, NULL, NULL, NULL, NULL, NULL, NULL, NULL, NULL, NULL, NULL, NULL, NULL, NULL, NULL, NULL, NULL, NULL, NULL, NULL, NULL, NULL, NULL, NULL, NULL, NULL, NULL, NULL, NULL, NULL, NULL, NULL, NULL, NULL, NULL, NULL, NULL, NULL, NULL, NULL, NULL, NULL, NULL, NULL, NULL, NULL, NULL, NULL, NULL, NULL, NULL, NULL, NULL, NULL, NULL, NULL, NULL, NULL, NULL, NULL, 0),
(24, 20240006, 202203081, 'SIODORA, NERI JANE P.', 'finals', NULL, NULL, NULL, NULL, NULL, NULL, NULL, NULL, NULL, NULL, NULL, NULL, NULL, NULL, NULL, NULL, NULL, NULL, NULL, NULL, NULL, NULL, NULL, NULL, NULL, NULL, NULL, NULL, NULL, NULL, NULL, NULL, NULL, NULL, NULL, NULL, NULL, NULL, NULL, NULL, NULL, NULL, NULL, NULL, NULL, NULL, NULL, NULL, NULL, NULL, NULL, NULL, NULL, NULL, NULL, NULL, NULL, NULL, NULL, NULL, NULL, NULL, NULL, NULL, NULL, NULL, NULL, NULL, NULL, NULL, NULL, NULL, NULL, NULL, NULL, NULL, NULL, NULL, NULL, NULL, NULL, NULL, NULL, NULL, NULL, NULL, NULL, NULL, NULL, NULL, NULL, NULL, NULL, NULL, NULL, NULL, NULL, NULL, NULL, NULL, 0),
(25, 20240006, 202204573, 'SUBIAGA, DHEAN LEEANNE V.', 'finals', NULL, NULL, NULL, NULL, NULL, NULL, NULL, NULL, NULL, NULL, NULL, NULL, NULL, NULL, NULL, NULL, NULL, NULL, NULL, NULL, NULL, NULL, NULL, NULL, NULL, NULL, NULL, NULL, NULL, NULL, NULL, NULL, NULL, NULL, NULL, NULL, NULL, NULL, NULL, NULL, NULL, NULL, NULL, NULL, NULL, NULL, NULL, NULL, NULL, NULL, NULL, NULL, NULL, NULL, NULL, NULL, NULL, NULL, NULL, NULL, NULL, NULL, NULL, NULL, NULL, NULL, NULL, NULL, NULL, NULL, NULL, NULL, NULL, NULL, NULL, NULL, NULL, NULL, NULL, NULL, NULL, NULL, NULL, NULL, NULL, NULL, NULL, NULL, NULL, NULL, NULL, NULL, NULL, NULL, NULL, NULL, NULL, NULL, NULL, NULL, 0),
(26, 20240006, 202203771, 'SUCGANG, ALYSSA SAMANTHA E.', 'finals', NULL, NULL, NULL, NULL, NULL, NULL, NULL, NULL, NULL, NULL, NULL, NULL, NULL, NULL, NULL, NULL, NULL, NULL, NULL, NULL, NULL, NULL, NULL, NULL, NULL, NULL, NULL, NULL, NULL, NULL, NULL, NULL, NULL, NULL, NULL, NULL, NULL, NULL, NULL, NULL, NULL, NULL, NULL, NULL, NULL, NULL, NULL, NULL, NULL, NULL, NULL, NULL, NULL, NULL, NULL, NULL, NULL, NULL, NULL, NULL, NULL, NULL, NULL, NULL, NULL, NULL, NULL, NULL, NULL, NULL, NULL, NULL, NULL, NULL, NULL, NULL, NULL, NULL, NULL, NULL, NULL, NULL, NULL, NULL, NULL, NULL, NULL, NULL, NULL, NULL, NULL, NULL, NULL, NULL, NULL, NULL, NULL, NULL, NULL, NULL, 0),
(27, 20240006, 202200193, 'TAGBAGO, ERIC BRENT J.', 'finals', NULL, NULL, NULL, NULL, NULL, NULL, NULL, NULL, NULL, NULL, NULL, NULL, NULL, NULL, NULL, NULL, NULL, NULL, NULL, NULL, NULL, NULL, NULL, NULL, NULL, NULL, NULL, NULL, NULL, NULL, NULL, NULL, NULL, NULL, NULL, NULL, NULL, NULL, NULL, NULL, NULL, NULL, NULL, NULL, NULL, NULL, NULL, NULL, NULL, NULL, NULL, NULL, NULL, NULL, NULL, NULL, NULL, NULL, NULL, NULL, NULL, NULL, NULL, NULL, NULL, NULL, NULL, NULL, NULL, NULL, NULL, NULL, NULL, NULL, NULL, NULL, NULL, NULL, NULL, NULL, NULL, NULL, NULL, NULL, NULL, NULL, NULL, NULL, NULL, NULL, NULL, NULL, NULL, NULL, NULL, NULL, NULL, NULL, NULL, NULL, 0),
(28, 20240006, 202201208, 'TAGOTONG, GLEN M.', 'finals', NULL, NULL, NULL, NULL, NULL, NULL, NULL, NULL, NULL, NULL, NULL, NULL, NULL, NULL, NULL, NULL, NULL, NULL, NULL, NULL, NULL, NULL, NULL, NULL, NULL, NULL, NULL, NULL, NULL, NULL, NULL, NULL, NULL, NULL, NULL, NULL, NULL, NULL, NULL, NULL, NULL, NULL, NULL, NULL, NULL, NULL, NULL, NULL, NULL, NULL, NULL, NULL, NULL, NULL, NULL, NULL, NULL, NULL, NULL, NULL, NULL, NULL, NULL, NULL, NULL, NULL, NULL, NULL, NULL, NULL, NULL, NULL, NULL, NULL, NULL, NULL, NULL, NULL, NULL, NULL, NULL, NULL, NULL, NULL, NULL, NULL, NULL, NULL, NULL, NULL, NULL, NULL, NULL, NULL, NULL, NULL, NULL, NULL, NULL, NULL, 0),
(29, 20240006, 202200368, 'TERRENAL, DOMINIC C.', 'finals', NULL, NULL, NULL, NULL, NULL, NULL, NULL, NULL, NULL, NULL, NULL, NULL, NULL, NULL, NULL, NULL, NULL, NULL, NULL, NULL, NULL, NULL, NULL, NULL, NULL, NULL, NULL, NULL, NULL, NULL, NULL, NULL, NULL, NULL, NULL, NULL, NULL, NULL, NULL, NULL, NULL, NULL, NULL, NULL, NULL, NULL, NULL, NULL, NULL, NULL, NULL, NULL, NULL, NULL, NULL, NULL, NULL, NULL, NULL, NULL, NULL, NULL, NULL, NULL, NULL, NULL, NULL, NULL, NULL, NULL, NULL, NULL, NULL, NULL, NULL, NULL, NULL, NULL, NULL, NULL, NULL, NULL, NULL, NULL, NULL, NULL, NULL, NULL, NULL, NULL, NULL, NULL, NULL, NULL, NULL, NULL, NULL, NULL, NULL, NULL, 0),
(30, 20240006, 202202097, 'VERGARA, JESSE I.', 'finals', NULL, NULL, NULL, NULL, NULL, NULL, NULL, NULL, NULL, NULL, NULL, NULL, NULL, NULL, NULL, NULL, NULL, NULL, NULL, NULL, NULL, NULL, NULL, NULL, NULL, NULL, NULL, NULL, NULL, NULL, NULL, NULL, NULL, NULL, NULL, NULL, NULL, NULL, NULL, NULL, NULL, NULL, NULL, NULL, NULL, NULL, NULL, NULL, NULL, NULL, NULL, NULL, NULL, NULL, NULL, NULL, NULL, NULL, NULL, NULL, NULL, NULL, NULL, NULL, NULL, NULL, NULL, NULL, NULL, NULL, NULL, NULL, NULL, NULL, NULL, NULL, NULL, NULL, NULL, NULL, NULL, NULL, NULL, NULL, NULL, NULL, NULL, NULL, NULL, NULL, NULL, NULL, NULL, NULL, NULL, NULL, NULL, NULL, NULL, NULL, 0);

-- --------------------------------------------------------

--
-- Table structure for table `fcos`
--

CREATE TABLE `fcos` (
  `FCO_ID` int(11) NOT NULL,
  `schedule_id` int(11) NOT NULL,
  `CO` int(11) NOT NULL,
  `ATT` int(11) NOT NULL,
  `TAR` int(11) NOT NULL,
  `RM` enum('A','NA') NOT NULL
) ENGINE=InnoDB DEFAULT CHARSET=utf8mb4 COLLATE=utf8mb4_general_ci;

-- --------------------------------------------------------

--
-- Table structure for table `flo`
--

CREATE TABLE `flo` (
  `ID` int(25) NOT NULL,
  `schedule_id` int(11) NOT NULL,
  `exam_type` enum('midterm','finals') NOT NULL,
  `ILO` int(11) NOT NULL,
  `QN` int(11) NOT NULL,
  `NOP` int(11) NOT NULL,
  `NOS` int(11) NOT NULL,
  `ATT` int(11) NOT NULL,
  `TAR` int(11) NOT NULL,
  `RM` enum('A','NA') NOT NULL,
  `AP` varchar(255) NOT NULL
) ENGINE=InnoDB DEFAULT CHARSET=utf8mb4 COLLATE=utf8mb4_general_ci;

-- --------------------------------------------------------

--
-- Table structure for table `flos`
--

CREATE TABLE `flos` (
  `CO_ID` int(11) NOT NULL,
  `schedule_id` int(11) NOT NULL,
  `CO` int(11) NOT NULL,
  `ILO` int(11) NOT NULL,
  `ATT` int(11) NOT NULL,
  `TAR` int(11) NOT NULL,
  `RM` enum('A','NA') NOT NULL
) ENGINE=InnoDB DEFAULT CHARSET=utf8mb4 COLLATE=utf8mb4_general_ci;

-- --------------------------------------------------------

--
-- Table structure for table `listofstudents`
--

CREATE TABLE `listofstudents` (
  `id` int(11) NOT NULL,
  `studID` int(11) NOT NULL,
  `schedule_id` int(11) NOT NULL,
  `fullname` varchar(255) NOT NULL,
  `course_code` varchar(11) NOT NULL,
  `year` int(11) NOT NULL,
  `section` int(11) NOT NULL,
  `semester` enum('1','2','Summer','') NOT NULL,
  `academic_year` varchar(50) NOT NULL
) ENGINE=InnoDB DEFAULT CHARSET=utf8mb4 COLLATE=utf8mb4_general_ci;

--
-- Dumping data for table `listofstudents`
--

INSERT INTO `listofstudents` (`id`, `studID`, `schedule_id`, `fullname`, `course_code`, `year`, `section`, `semester`, `academic_year`) VALUES
(1, 202204291, 20240006, 'AGOHON, ADRIAN C.', 'BSIT', 2, 1, '1', '2024-2025'),
(2, 202201567, 20240006, 'ARIAS, RIK JANSEN L.', 'BSIT', 2, 1, '1', '2024-2025'),
(3, 202200179, 20240006, 'BUENO, MICHAEL CHRISTIAN S.', 'BSIT', 2, 1, '1', '2024-2025'),
(4, 202200342, 20240006, 'CAHIGAN, ARMAE S.', 'BSIT', 2, 1, '1', '2024-2025'),
(5, 202202902, 20240006, 'COQUILLA, SAFEEYA AZE B.', 'BSIT', 2, 1, '1', '2024-2025'),
(6, 202201676, 20240006, 'CRUZ, ARON PAUL D.', 'BSIT', 2, 1, '1', '2024-2025'),
(7, 202200750, 20240006, 'DORMIDO, JOANNA MAE R.', 'BSIT', 2, 1, '1', '2024-2025'),
(8, 202200885, 20240006, 'ESPARTINEZ, JERVIN ROI P.', 'BSIT', 2, 1, '1', '2024-2025'),
(9, 202202585, 20240006, 'FELLO, JOHN MARIONNE J.', 'BSIT', 2, 1, '1', '2024-2025'),
(10, 202201889, 20240006, 'GRANADA, ROSHEL ANNE G.', 'BSIT', 2, 1, '1', '2024-2025'),
(11, 202204557, 20240006, 'LAYOSA, MARLEX B.', 'BSIT', 2, 1, '1', '2024-2025'),
(12, 202201424, 20240006, 'LOZADA, KEMUEL R.', 'BSIT', 2, 1, '1', '2024-2025'),
(13, 202201078, 20240006, 'PARNALA, LOUIZE REIGNIER S.', 'BSIT', 2, 1, '1', '2024-2025'),
(14, 202201879, 20240006, 'PATAM, MA. KRISTINA B.', 'BSIT', 2, 1, '1', '2024-2025'),
(15, 202203795, 20240006, 'PINCA, CHAZNEI T.', 'BSIT', 2, 1, '1', '2024-2025'),
(16, 202202507, 20240006, 'PINTOY, DERICK RICCIE V.', 'BSIT', 2, 1, '1', '2024-2025'),
(17, 202203143, 20240006, 'POLIDO, NADINE P.', 'BSIT', 2, 1, '1', '2024-2025'),
(18, 202202215, 20240006, 'QUIJANO, MIEKYLA D.', 'BSIT', 2, 1, '1', '2024-2025'),
(19, 202200378, 20240006, 'RAMOS, ZACH RANIEL S.', 'BSIT', 2, 1, '1', '2024-2025'),
(20, 202201259, 20240006, 'REGIS, KATRINE ANN A.', 'BSIT', 2, 1, '1', '2024-2025'),
(21, 202200883, 20240006, 'RODEO, JHANE THRIZHA ANNE B.', 'BSIT', 2, 1, '1', '2024-2025'),
(22, 202204496, 20240006, 'ROMANES, ALYSSA DENISE V.', 'BSIT', 2, 1, '1', '2024-2025'),
(23, 202201677, 20240006, 'ROMASANTA, GUIAN M.', 'BSIT', 2, 1, '1', '2024-2025'),
(24, 202203081, 20240006, 'SIODORA, NERI JANE P.', 'BSIT', 2, 1, '1', '2024-2025'),
(25, 202204573, 20240006, 'SUBIAGA, DHEAN LEEANNE V.', 'BSIT', 2, 1, '1', '2024-2025'),
(26, 202203771, 20240006, 'SUCGANG, ALYSSA SAMANTHA E.', 'BSIT', 2, 1, '1', '2024-2025'),
(27, 202200193, 20240006, 'TAGBAGO, ERIC BRENT J.', 'BSIT', 2, 1, '1', '2024-2025'),
(28, 202201208, 20240006, 'TAGOTONG, GLEN M.', 'BSIT', 2, 1, '1', '2024-2025'),
(29, 202200368, 20240006, 'TERRENAL, DOMINIC C.', 'BSIT', 2, 1, '1', '2024-2025'),
(30, 202202097, 20240006, 'VERGARA, JESSE I.', 'BSIT', 2, 1, '1', '2024-2025');

-- --------------------------------------------------------

--
-- Table structure for table `maps`
--

CREATE TABLE `maps` (
  `ID` int(25) NOT NULL,
  `schedule_id` int(11) NOT NULL,
  `exam_type` enum('midterm','finals') NOT NULL,
  `ILO` int(11) NOT NULL,
  `APS` varchar(255) NOT NULL,
  `p_timeline` varchar(100) NOT NULL,
  `comments` varchar(255) NOT NULL
) ENGINE=InnoDB DEFAULT CHARSET=utf8mb4 COLLATE=utf8mb4_general_ci;

--
-- Dumping data for table `maps`
--

INSERT INTO `maps` (`ID`, `schedule_id`, `exam_type`, `ILO`, `APS`, `p_timeline`, `comments`) VALUES
(1, 20240006, 'midterm', 1, '', '', ''),
(2, 20240006, 'midterm', 2, '', '', ''),
(3, 20240006, 'midterm', 3, '', '', ''),
(4, 20240006, 'midterm', 4, '', '', ''),
(5, 20240006, 'midterm', 5, '', '', '');

-- --------------------------------------------------------

--
-- Table structure for table `mclassrec`
--

CREATE TABLE `mclassrec` (
  `mid` int(11) NOT NULL,
  `schedule_id` int(11) NOT NULL,
  `studID` int(11) NOT NULL,
  `fullname` varchar(255) NOT NULL,
  `exam_type` enum('midterm','finals') NOT NULL,
  `Q1` int(11) DEFAULT NULL,
  `Q2` int(11) DEFAULT NULL,
  `Q3` int(11) DEFAULT NULL,
  `Q4` int(11) DEFAULT NULL,
  `Q5` int(11) DEFAULT NULL,
  `Q6` int(11) DEFAULT NULL,
  `Q7` int(11) DEFAULT NULL,
  `Q8` int(11) DEFAULT NULL,
  `Q9` int(11) DEFAULT NULL,
  `Q10` int(11) DEFAULT NULL,
  `Q11` int(11) DEFAULT NULL,
  `Q12` int(11) DEFAULT NULL,
  `Q13` int(11) DEFAULT NULL,
  `Q14` int(11) DEFAULT NULL,
  `Q15` int(11) DEFAULT NULL,
  `Q16` int(11) DEFAULT NULL,
  `Q17` int(11) DEFAULT NULL,
  `Q18` int(11) DEFAULT NULL,
  `Q19` int(11) DEFAULT NULL,
  `Q20` int(11) DEFAULT NULL,
  `Q21` int(11) DEFAULT NULL,
  `Q22` int(11) DEFAULT NULL,
  `Q23` int(11) DEFAULT NULL,
  `Q24` int(11) DEFAULT NULL,
  `Q25` int(11) DEFAULT NULL,
  `Q26` int(11) DEFAULT NULL,
  `Q27` int(11) DEFAULT NULL,
  `Q28` int(11) DEFAULT NULL,
  `Q29` int(11) DEFAULT NULL,
  `Q30` int(11) DEFAULT NULL,
  `Q31` int(11) DEFAULT NULL,
  `Q32` int(11) DEFAULT NULL,
  `Q33` int(11) DEFAULT NULL,
  `Q34` int(11) DEFAULT NULL,
  `Q35` int(11) DEFAULT NULL,
  `Q36` int(11) DEFAULT NULL,
  `Q37` int(11) DEFAULT NULL,
  `Q38` int(11) DEFAULT NULL,
  `Q39` int(11) DEFAULT NULL,
  `Q40` int(11) DEFAULT NULL,
  `Q41` int(11) DEFAULT NULL,
  `Q42` int(11) DEFAULT NULL,
  `Q43` int(11) DEFAULT NULL,
  `Q44` int(11) DEFAULT NULL,
  `Q45` int(11) DEFAULT NULL,
  `Q46` int(11) DEFAULT NULL,
  `Q47` int(11) DEFAULT NULL,
  `Q48` int(11) DEFAULT NULL,
  `Q49` int(11) DEFAULT NULL,
  `Q50` int(11) DEFAULT NULL,
  `Q51` int(11) DEFAULT NULL,
  `Q52` int(11) DEFAULT NULL,
  `Q53` int(11) DEFAULT NULL,
  `Q54` int(11) DEFAULT NULL,
  `Q55` int(11) DEFAULT NULL,
  `Q56` int(11) DEFAULT NULL,
  `Q57` int(11) DEFAULT NULL,
  `Q58` int(11) DEFAULT NULL,
  `Q59` int(11) DEFAULT NULL,
  `Q60` int(11) DEFAULT NULL,
  `Q61` int(11) DEFAULT NULL,
  `Q62` int(11) DEFAULT NULL,
  `Q63` int(11) DEFAULT NULL,
  `Q64` int(11) DEFAULT NULL,
  `Q65` int(11) DEFAULT NULL,
  `Q66` int(11) DEFAULT NULL,
  `Q67` int(11) DEFAULT NULL,
  `Q68` int(11) DEFAULT NULL,
  `Q69` int(11) DEFAULT NULL,
  `Q70` int(11) DEFAULT NULL,
  `Q71` int(11) DEFAULT NULL,
  `Q72` int(11) DEFAULT NULL,
  `Q73` int(11) DEFAULT NULL,
  `Q74` int(11) DEFAULT NULL,
  `Q75` int(11) DEFAULT NULL,
  `Q76` int(11) DEFAULT NULL,
  `Q77` int(11) DEFAULT NULL,
  `Q78` int(11) DEFAULT NULL,
  `Q79` int(11) DEFAULT NULL,
  `Q80` int(11) DEFAULT NULL,
  `Q81` int(11) DEFAULT NULL,
  `Q82` int(11) DEFAULT NULL,
  `Q83` int(11) DEFAULT NULL,
  `Q84` int(11) DEFAULT NULL,
  `Q85` int(11) DEFAULT NULL,
  `Q86` int(11) DEFAULT NULL,
  `Q87` int(11) DEFAULT NULL,
  `Q88` int(11) DEFAULT NULL,
  `Q89` int(11) DEFAULT NULL,
  `Q90` int(11) DEFAULT NULL,
  `Q91` int(11) DEFAULT NULL,
  `Q92` int(11) DEFAULT NULL,
  `Q93` int(11) DEFAULT NULL,
  `Q94` int(11) DEFAULT NULL,
  `Q95` int(11) DEFAULT NULL,
  `Q96` int(11) DEFAULT NULL,
  `Q97` int(11) DEFAULT NULL,
  `Q98` int(11) DEFAULT NULL,
  `Q99` int(11) DEFAULT NULL,
  `Q100` int(11) DEFAULT NULL,
  `qsum` int(11) NOT NULL
) ENGINE=InnoDB DEFAULT CHARSET=latin1 COLLATE=latin1_swedish_ci;

--
-- Dumping data for table `mclassrec`
--

INSERT INTO `mclassrec` (`mid`, `schedule_id`, `studID`, `fullname`, `exam_type`, `Q1`, `Q2`, `Q3`, `Q4`, `Q5`, `Q6`, `Q7`, `Q8`, `Q9`, `Q10`, `Q11`, `Q12`, `Q13`, `Q14`, `Q15`, `Q16`, `Q17`, `Q18`, `Q19`, `Q20`, `Q21`, `Q22`, `Q23`, `Q24`, `Q25`, `Q26`, `Q27`, `Q28`, `Q29`, `Q30`, `Q31`, `Q32`, `Q33`, `Q34`, `Q35`, `Q36`, `Q37`, `Q38`, `Q39`, `Q40`, `Q41`, `Q42`, `Q43`, `Q44`, `Q45`, `Q46`, `Q47`, `Q48`, `Q49`, `Q50`, `Q51`, `Q52`, `Q53`, `Q54`, `Q55`, `Q56`, `Q57`, `Q58`, `Q59`, `Q60`, `Q61`, `Q62`, `Q63`, `Q64`, `Q65`, `Q66`, `Q67`, `Q68`, `Q69`, `Q70`, `Q71`, `Q72`, `Q73`, `Q74`, `Q75`, `Q76`, `Q77`, `Q78`, `Q79`, `Q80`, `Q81`, `Q82`, `Q83`, `Q84`, `Q85`, `Q86`, `Q87`, `Q88`, `Q89`, `Q90`, `Q91`, `Q92`, `Q93`, `Q94`, `Q95`, `Q96`, `Q97`, `Q98`, `Q99`, `Q100`, `qsum`) VALUES
(1, 20240006, 202204291, 'AGOHON, ADRIAN C.', 'midterm', 1, NULL, NULL, NULL, NULL, NULL, NULL, NULL, NULL, NULL, NULL, NULL, NULL, NULL, NULL, NULL, NULL, NULL, NULL, NULL, NULL, NULL, NULL, NULL, NULL, NULL, NULL, NULL, NULL, NULL, NULL, NULL, NULL, NULL, NULL, NULL, NULL, NULL, NULL, NULL, NULL, NULL, NULL, NULL, NULL, NULL, NULL, NULL, NULL, NULL, NULL, NULL, NULL, NULL, NULL, NULL, NULL, NULL, NULL, NULL, NULL, NULL, NULL, NULL, NULL, NULL, NULL, NULL, NULL, NULL, NULL, NULL, NULL, NULL, NULL, NULL, NULL, NULL, NULL, NULL, NULL, NULL, NULL, NULL, NULL, NULL, NULL, NULL, NULL, NULL, NULL, NULL, NULL, NULL, NULL, NULL, NULL, NULL, NULL, NULL, 0),
(2, 20240006, 202201567, 'ARIAS, RIK JANSEN L.', 'midterm', 1, 1, NULL, NULL, NULL, NULL, NULL, NULL, NULL, NULL, NULL, NULL, NULL, NULL, NULL, NULL, NULL, NULL, NULL, NULL, NULL, NULL, NULL, NULL, NULL, NULL, NULL, NULL, NULL, NULL, NULL, NULL, NULL, NULL, NULL, NULL, NULL, NULL, NULL, NULL, NULL, NULL, NULL, NULL, NULL, NULL, NULL, NULL, NULL, NULL, NULL, NULL, NULL, NULL, NULL, NULL, NULL, NULL, NULL, NULL, NULL, NULL, NULL, NULL, NULL, NULL, NULL, NULL, NULL, NULL, NULL, NULL, NULL, NULL, NULL, NULL, NULL, NULL, NULL, NULL, NULL, NULL, NULL, NULL, NULL, NULL, NULL, NULL, NULL, NULL, NULL, NULL, NULL, NULL, NULL, NULL, NULL, NULL, NULL, NULL, 0),
(3, 20240006, 202200179, 'BUENO, MICHAEL CHRISTIAN S.', 'midterm', 1, NULL, NULL, NULL, NULL, NULL, NULL, NULL, NULL, NULL, NULL, NULL, NULL, NULL, NULL, NULL, NULL, NULL, NULL, NULL, NULL, NULL, NULL, NULL, NULL, NULL, NULL, NULL, NULL, NULL, NULL, NULL, NULL, NULL, NULL, NULL, NULL, NULL, NULL, NULL, NULL, NULL, NULL, NULL, NULL, NULL, NULL, NULL, NULL, NULL, NULL, NULL, NULL, NULL, NULL, NULL, NULL, NULL, NULL, NULL, NULL, NULL, NULL, NULL, NULL, NULL, NULL, NULL, NULL, NULL, NULL, NULL, NULL, NULL, NULL, NULL, NULL, NULL, NULL, NULL, NULL, NULL, NULL, NULL, NULL, NULL, NULL, NULL, NULL, NULL, NULL, NULL, NULL, NULL, NULL, NULL, NULL, NULL, NULL, NULL, 0),
(4, 20240006, 202200342, 'CAHIGAN, ARMAE S.', 'midterm', 1, NULL, NULL, NULL, NULL, NULL, NULL, NULL, NULL, NULL, NULL, NULL, NULL, NULL, NULL, NULL, NULL, NULL, NULL, NULL, NULL, NULL, NULL, NULL, NULL, NULL, NULL, NULL, NULL, NULL, NULL, NULL, NULL, NULL, NULL, NULL, NULL, NULL, NULL, NULL, NULL, NULL, NULL, NULL, NULL, NULL, NULL, NULL, NULL, NULL, NULL, NULL, NULL, NULL, NULL, NULL, NULL, NULL, NULL, NULL, NULL, NULL, NULL, NULL, NULL, NULL, NULL, NULL, NULL, NULL, NULL, NULL, NULL, NULL, NULL, NULL, NULL, NULL, NULL, NULL, NULL, NULL, NULL, NULL, NULL, NULL, NULL, NULL, NULL, NULL, NULL, NULL, NULL, NULL, NULL, NULL, NULL, NULL, NULL, NULL, 0),
(5, 20240006, 202202902, 'COQUILLA, SAFEEYA AZE B.', 'midterm', 1, NULL, 1, NULL, NULL, NULL, NULL, NULL, NULL, NULL, NULL, NULL, NULL, NULL, NULL, NULL, NULL, NULL, NULL, NULL, NULL, NULL, NULL, NULL, NULL, NULL, NULL, NULL, NULL, NULL, NULL, NULL, NULL, NULL, NULL, NULL, NULL, NULL, NULL, NULL, NULL, NULL, NULL, NULL, NULL, NULL, NULL, NULL, NULL, NULL, NULL, NULL, NULL, NULL, NULL, NULL, NULL, NULL, NULL, NULL, NULL, NULL, NULL, NULL, NULL, NULL, NULL, NULL, NULL, NULL, NULL, NULL, NULL, NULL, NULL, NULL, NULL, NULL, NULL, NULL, NULL, NULL, NULL, NULL, NULL, NULL, NULL, NULL, NULL, NULL, NULL, NULL, NULL, NULL, NULL, NULL, NULL, NULL, NULL, NULL, 0),
(6, 20240006, 202201676, 'CRUZ, ARON PAUL D.', 'midterm', 1, 1, 1, 1, 1, NULL, NULL, NULL, NULL, NULL, NULL, NULL, NULL, NULL, NULL, NULL, NULL, NULL, NULL, NULL, NULL, NULL, NULL, NULL, NULL, NULL, NULL, NULL, NULL, NULL, NULL, NULL, NULL, NULL, NULL, NULL, NULL, NULL, NULL, NULL, NULL, NULL, NULL, NULL, NULL, NULL, NULL, NULL, NULL, NULL, NULL, NULL, NULL, NULL, NULL, NULL, NULL, NULL, NULL, NULL, NULL, NULL, NULL, NULL, NULL, NULL, NULL, NULL, NULL, NULL, NULL, NULL, NULL, NULL, NULL, NULL, NULL, NULL, NULL, NULL, NULL, NULL, NULL, NULL, NULL, NULL, NULL, NULL, NULL, NULL, NULL, NULL, NULL, NULL, NULL, NULL, NULL, NULL, NULL, NULL, 0),
(7, 20240006, 202200750, 'DORMIDO, JOANNA MAE R.', 'midterm', 1, NULL, NULL, NULL, NULL, NULL, NULL, NULL, NULL, NULL, NULL, NULL, NULL, NULL, NULL, NULL, NULL, NULL, NULL, NULL, NULL, NULL, NULL, NULL, NULL, NULL, NULL, NULL, NULL, NULL, NULL, NULL, NULL, NULL, NULL, NULL, NULL, NULL, NULL, NULL, NULL, NULL, NULL, NULL, NULL, NULL, NULL, NULL, NULL, NULL, NULL, NULL, NULL, NULL, NULL, NULL, NULL, NULL, NULL, NULL, NULL, NULL, NULL, NULL, NULL, NULL, NULL, NULL, NULL, NULL, NULL, NULL, NULL, NULL, NULL, NULL, NULL, NULL, NULL, NULL, NULL, NULL, NULL, NULL, NULL, NULL, NULL, NULL, NULL, NULL, NULL, NULL, NULL, NULL, NULL, NULL, NULL, NULL, NULL, NULL, 0),
(8, 20240006, 202200885, 'ESPARTINEZ, JERVIN ROI P.', 'midterm', 1, 1, 1, 1, NULL, NULL, NULL, NULL, NULL, NULL, NULL, NULL, NULL, NULL, NULL, NULL, NULL, NULL, NULL, NULL, NULL, NULL, NULL, NULL, NULL, NULL, NULL, NULL, NULL, NULL, NULL, NULL, NULL, NULL, NULL, NULL, NULL, NULL, NULL, NULL, NULL, NULL, NULL, NULL, NULL, NULL, NULL, NULL, NULL, NULL, NULL, NULL, NULL, NULL, NULL, NULL, NULL, NULL, NULL, NULL, NULL, NULL, NULL, NULL, NULL, NULL, NULL, NULL, NULL, NULL, NULL, NULL, NULL, NULL, NULL, NULL, NULL, NULL, NULL, NULL, NULL, NULL, NULL, NULL, NULL, NULL, NULL, NULL, NULL, NULL, NULL, NULL, NULL, NULL, NULL, NULL, NULL, NULL, NULL, NULL, 0),
(9, 20240006, 202202585, 'FELLO, JOHN MARIONNE J.', 'midterm', NULL, NULL, NULL, NULL, NULL, NULL, NULL, NULL, NULL, NULL, NULL, NULL, NULL, NULL, NULL, NULL, NULL, NULL, NULL, NULL, NULL, NULL, NULL, NULL, NULL, NULL, NULL, NULL, NULL, NULL, NULL, NULL, NULL, NULL, NULL, NULL, NULL, NULL, NULL, NULL, NULL, NULL, NULL, NULL, NULL, NULL, NULL, NULL, NULL, NULL, NULL, NULL, NULL, NULL, NULL, NULL, NULL, NULL, NULL, NULL, NULL, NULL, NULL, NULL, NULL, NULL, NULL, NULL, NULL, NULL, NULL, NULL, NULL, NULL, NULL, NULL, NULL, NULL, NULL, NULL, NULL, NULL, NULL, NULL, NULL, NULL, NULL, NULL, NULL, NULL, NULL, NULL, NULL, NULL, NULL, NULL, NULL, NULL, NULL, NULL, 0),
(10, 20240006, 202201889, 'GRANADA, ROSHEL ANNE G.', 'midterm', NULL, NULL, NULL, NULL, NULL, NULL, NULL, NULL, NULL, NULL, NULL, NULL, NULL, NULL, NULL, NULL, NULL, NULL, NULL, NULL, NULL, NULL, NULL, NULL, NULL, NULL, NULL, NULL, NULL, NULL, NULL, NULL, NULL, NULL, NULL, NULL, NULL, NULL, NULL, NULL, NULL, NULL, NULL, NULL, NULL, NULL, NULL, NULL, NULL, NULL, NULL, NULL, NULL, NULL, NULL, NULL, NULL, NULL, NULL, NULL, NULL, NULL, NULL, NULL, NULL, NULL, NULL, NULL, NULL, NULL, NULL, NULL, NULL, NULL, NULL, NULL, NULL, NULL, NULL, NULL, NULL, NULL, NULL, NULL, NULL, NULL, NULL, NULL, NULL, NULL, NULL, NULL, NULL, NULL, NULL, NULL, NULL, NULL, NULL, NULL, 0),
(11, 20240006, 202204557, 'LAYOSA, MARLEX B.', 'midterm', NULL, NULL, NULL, NULL, NULL, NULL, NULL, NULL, NULL, NULL, NULL, NULL, NULL, NULL, NULL, NULL, NULL, NULL, NULL, NULL, NULL, NULL, NULL, NULL, NULL, NULL, NULL, NULL, NULL, NULL, NULL, NULL, NULL, NULL, NULL, NULL, NULL, NULL, NULL, NULL, NULL, NULL, NULL, NULL, NULL, NULL, NULL, NULL, NULL, NULL, NULL, NULL, NULL, NULL, NULL, NULL, NULL, NULL, NULL, NULL, NULL, NULL, NULL, NULL, NULL, NULL, NULL, NULL, NULL, NULL, NULL, NULL, NULL, NULL, NULL, NULL, NULL, NULL, NULL, NULL, NULL, NULL, NULL, NULL, NULL, NULL, NULL, NULL, NULL, NULL, NULL, NULL, NULL, NULL, NULL, NULL, NULL, NULL, NULL, NULL, 0),
(12, 20240006, 202201424, 'LOZADA, KEMUEL R.', 'midterm', NULL, NULL, NULL, NULL, NULL, NULL, NULL, NULL, NULL, NULL, NULL, NULL, NULL, NULL, NULL, NULL, NULL, NULL, NULL, NULL, NULL, NULL, NULL, NULL, NULL, NULL, NULL, NULL, NULL, NULL, NULL, NULL, NULL, NULL, NULL, NULL, NULL, NULL, NULL, NULL, NULL, NULL, NULL, NULL, NULL, NULL, NULL, NULL, NULL, NULL, NULL, NULL, NULL, NULL, NULL, NULL, NULL, NULL, NULL, NULL, NULL, NULL, NULL, NULL, NULL, NULL, NULL, NULL, NULL, NULL, NULL, NULL, NULL, NULL, NULL, NULL, NULL, NULL, NULL, NULL, NULL, NULL, NULL, NULL, NULL, NULL, NULL, NULL, NULL, NULL, NULL, NULL, NULL, NULL, NULL, NULL, NULL, NULL, NULL, NULL, 0),
(13, 20240006, 202201078, 'PARNALA, LOUIZE REIGNIER S.', 'midterm', NULL, NULL, NULL, NULL, 1, 1, 1, 1, 1, NULL, NULL, NULL, NULL, NULL, NULL, NULL, NULL, NULL, NULL, NULL, NULL, NULL, NULL, NULL, NULL, NULL, NULL, NULL, NULL, NULL, NULL, NULL, NULL, NULL, NULL, NULL, NULL, NULL, NULL, NULL, NULL, NULL, NULL, NULL, NULL, NULL, NULL, NULL, NULL, NULL, NULL, NULL, NULL, NULL, NULL, NULL, NULL, NULL, NULL, NULL, NULL, NULL, NULL, NULL, NULL, NULL, NULL, NULL, NULL, NULL, NULL, NULL, NULL, NULL, NULL, NULL, NULL, NULL, NULL, NULL, NULL, NULL, NULL, NULL, NULL, NULL, NULL, NULL, NULL, NULL, NULL, NULL, NULL, NULL, NULL, NULL, NULL, NULL, NULL, NULL, 0),
(14, 20240006, 202201879, 'PATAM, MA. KRISTINA B.', 'midterm', NULL, 1, 1, NULL, 1, NULL, 1, 1, NULL, 1, NULL, NULL, NULL, NULL, NULL, NULL, NULL, NULL, NULL, NULL, NULL, NULL, NULL, NULL, NULL, NULL, NULL, NULL, NULL, NULL, NULL, NULL, NULL, NULL, NULL, NULL, NULL, NULL, NULL, NULL, NULL, NULL, NULL, NULL, NULL, NULL, NULL, NULL, NULL, NULL, NULL, NULL, NULL, NULL, NULL, NULL, NULL, NULL, NULL, NULL, NULL, NULL, NULL, NULL, NULL, NULL, NULL, NULL, NULL, NULL, NULL, NULL, NULL, NULL, NULL, NULL, NULL, NULL, NULL, NULL, NULL, NULL, NULL, NULL, NULL, NULL, NULL, NULL, NULL, NULL, NULL, NULL, NULL, NULL, NULL, NULL, NULL, NULL, NULL, NULL, 0),
(15, 20240006, 202203795, 'PINCA, CHAZNEI T.', 'midterm', 1, 1, 1, 1, 1, 1, 1, 1, 1, 1, NULL, NULL, NULL, NULL, NULL, NULL, NULL, NULL, NULL, NULL, NULL, NULL, NULL, NULL, NULL, NULL, NULL, NULL, NULL, NULL, NULL, NULL, NULL, NULL, NULL, NULL, NULL, NULL, NULL, NULL, NULL, NULL, NULL, NULL, NULL, NULL, NULL, NULL, NULL, NULL, NULL, NULL, NULL, NULL, NULL, NULL, NULL, NULL, NULL, NULL, NULL, NULL, NULL, NULL, NULL, NULL, NULL, NULL, NULL, NULL, NULL, NULL, NULL, NULL, NULL, NULL, NULL, NULL, NULL, NULL, NULL, NULL, NULL, NULL, NULL, NULL, NULL, NULL, NULL, NULL, NULL, NULL, NULL, NULL, NULL, NULL, NULL, NULL, NULL, NULL, 0),
(16, 20240006, 202202507, 'PINTOY, DERICK RICCIE V.', 'midterm', NULL, NULL, NULL, NULL, NULL, 1, 1, 1, 1, 1, NULL, NULL, NULL, NULL, NULL, NULL, NULL, NULL, NULL, NULL, NULL, NULL, NULL, NULL, NULL, NULL, NULL, NULL, NULL, NULL, NULL, NULL, NULL, NULL, NULL, NULL, NULL, NULL, NULL, NULL, NULL, NULL, NULL, NULL, NULL, NULL, NULL, NULL, NULL, NULL, NULL, NULL, NULL, NULL, NULL, NULL, NULL, NULL, NULL, NULL, NULL, NULL, NULL, NULL, NULL, NULL, NULL, NULL, NULL, NULL, NULL, NULL, NULL, NULL, NULL, NULL, NULL, NULL, NULL, NULL, NULL, NULL, NULL, NULL, NULL, NULL, NULL, NULL, NULL, NULL, NULL, NULL, NULL, NULL, NULL, NULL, NULL, NULL, NULL, NULL, 0),
(17, 20240006, 202203143, 'POLIDO, NADINE P.', 'midterm', 1, 1, NULL, NULL, NULL, NULL, NULL, NULL, NULL, NULL, NULL, NULL, NULL, NULL, NULL, NULL, NULL, NULL, NULL, NULL, NULL, NULL, NULL, NULL, NULL, NULL, NULL, NULL, NULL, NULL, NULL, NULL, NULL, NULL, NULL, NULL, NULL, NULL, NULL, NULL, NULL, NULL, NULL, NULL, NULL, NULL, NULL, NULL, NULL, NULL, NULL, NULL, NULL, NULL, NULL, NULL, NULL, NULL, NULL, NULL, NULL, NULL, NULL, NULL, NULL, NULL, NULL, NULL, NULL, NULL, NULL, NULL, NULL, NULL, NULL, NULL, NULL, NULL, NULL, NULL, NULL, NULL, NULL, NULL, NULL, NULL, NULL, NULL, NULL, NULL, NULL, NULL, NULL, NULL, NULL, NULL, NULL, NULL, NULL, NULL, 0),
(18, 20240006, 202202215, 'QUIJANO, MIEKYLA D.', 'midterm', NULL, NULL, NULL, NULL, NULL, NULL, NULL, NULL, NULL, NULL, NULL, NULL, NULL, NULL, NULL, NULL, NULL, NULL, NULL, NULL, NULL, NULL, NULL, NULL, NULL, NULL, NULL, NULL, NULL, NULL, NULL, NULL, NULL, NULL, NULL, NULL, NULL, NULL, NULL, NULL, NULL, NULL, NULL, NULL, NULL, NULL, NULL, NULL, NULL, NULL, NULL, NULL, NULL, NULL, NULL, NULL, NULL, NULL, NULL, NULL, NULL, NULL, NULL, NULL, NULL, NULL, NULL, NULL, NULL, NULL, NULL, NULL, NULL, NULL, NULL, NULL, NULL, NULL, NULL, NULL, NULL, NULL, NULL, NULL, NULL, NULL, NULL, NULL, NULL, NULL, NULL, NULL, NULL, NULL, NULL, NULL, NULL, NULL, NULL, NULL, 0),
(19, 20240006, 202200378, 'RAMOS, ZACH RANIEL S.', 'midterm', NULL, NULL, NULL, NULL, NULL, NULL, NULL, NULL, NULL, NULL, NULL, NULL, NULL, NULL, NULL, NULL, NULL, NULL, NULL, NULL, NULL, NULL, NULL, NULL, NULL, NULL, NULL, NULL, NULL, NULL, NULL, NULL, NULL, NULL, NULL, NULL, NULL, NULL, NULL, NULL, NULL, NULL, NULL, NULL, NULL, NULL, NULL, NULL, NULL, NULL, NULL, NULL, NULL, NULL, NULL, NULL, NULL, NULL, NULL, NULL, NULL, NULL, NULL, NULL, NULL, NULL, NULL, NULL, NULL, NULL, NULL, NULL, NULL, NULL, NULL, NULL, NULL, NULL, NULL, NULL, NULL, NULL, NULL, NULL, NULL, NULL, NULL, NULL, NULL, NULL, NULL, NULL, NULL, NULL, NULL, NULL, NULL, NULL, NULL, NULL, 0),
(20, 20240006, 202201259, 'REGIS, KATRINE ANN A.', 'midterm', NULL, NULL, NULL, NULL, NULL, NULL, NULL, NULL, NULL, NULL, NULL, NULL, NULL, NULL, NULL, NULL, NULL, NULL, NULL, NULL, NULL, NULL, NULL, NULL, NULL, NULL, NULL, NULL, NULL, NULL, NULL, NULL, NULL, NULL, NULL, NULL, NULL, NULL, NULL, NULL, NULL, NULL, NULL, NULL, NULL, NULL, NULL, NULL, NULL, NULL, NULL, NULL, NULL, NULL, NULL, NULL, NULL, NULL, NULL, NULL, NULL, NULL, NULL, NULL, NULL, NULL, NULL, NULL, NULL, NULL, NULL, NULL, NULL, NULL, NULL, NULL, NULL, NULL, NULL, NULL, NULL, NULL, NULL, NULL, NULL, NULL, NULL, NULL, NULL, NULL, NULL, NULL, NULL, NULL, NULL, NULL, NULL, NULL, NULL, NULL, 0),
(21, 20240006, 202200883, 'RODEO, JHANE THRIZHA ANNE B.', 'midterm', NULL, NULL, NULL, NULL, NULL, NULL, NULL, NULL, NULL, NULL, NULL, NULL, NULL, NULL, NULL, NULL, NULL, NULL, NULL, NULL, NULL, NULL, NULL, NULL, NULL, NULL, NULL, NULL, NULL, NULL, NULL, NULL, NULL, NULL, NULL, NULL, NULL, NULL, NULL, NULL, NULL, NULL, NULL, NULL, NULL, NULL, NULL, NULL, NULL, NULL, NULL, NULL, NULL, NULL, NULL, NULL, NULL, NULL, NULL, NULL, NULL, NULL, NULL, NULL, NULL, NULL, NULL, NULL, NULL, NULL, NULL, NULL, NULL, NULL, NULL, NULL, NULL, NULL, NULL, NULL, NULL, NULL, NULL, NULL, NULL, NULL, NULL, NULL, NULL, NULL, NULL, NULL, NULL, NULL, NULL, NULL, NULL, NULL, NULL, NULL, 0),
(22, 20240006, 202204496, 'ROMANES, ALYSSA DENISE V.', 'midterm', NULL, NULL, NULL, NULL, NULL, NULL, NULL, NULL, NULL, NULL, NULL, NULL, NULL, NULL, NULL, NULL, NULL, NULL, NULL, NULL, NULL, NULL, NULL, NULL, NULL, NULL, NULL, NULL, NULL, NULL, NULL, NULL, NULL, NULL, NULL, NULL, NULL, NULL, NULL, NULL, NULL, NULL, NULL, NULL, NULL, NULL, NULL, NULL, NULL, NULL, NULL, NULL, NULL, NULL, NULL, NULL, NULL, NULL, NULL, NULL, NULL, NULL, NULL, NULL, NULL, NULL, NULL, NULL, NULL, NULL, NULL, NULL, NULL, NULL, NULL, NULL, NULL, NULL, NULL, NULL, NULL, NULL, NULL, NULL, NULL, NULL, NULL, NULL, NULL, NULL, NULL, NULL, NULL, NULL, NULL, NULL, NULL, NULL, NULL, NULL, 0),
(23, 20240006, 202201677, 'ROMASANTA, GUIAN M.', 'midterm', NULL, NULL, NULL, NULL, NULL, NULL, NULL, NULL, NULL, NULL, NULL, NULL, NULL, NULL, NULL, NULL, NULL, NULL, NULL, NULL, NULL, NULL, NULL, NULL, NULL, NULL, NULL, NULL, NULL, NULL, NULL, NULL, NULL, NULL, NULL, NULL, NULL, NULL, NULL, NULL, NULL, NULL, NULL, NULL, NULL, NULL, NULL, NULL, NULL, NULL, NULL, NULL, NULL, NULL, NULL, NULL, NULL, NULL, NULL, NULL, NULL, NULL, NULL, NULL, NULL, NULL, NULL, NULL, NULL, NULL, NULL, NULL, NULL, NULL, NULL, NULL, NULL, NULL, NULL, NULL, NULL, NULL, NULL, NULL, NULL, NULL, NULL, NULL, NULL, NULL, NULL, NULL, NULL, NULL, NULL, NULL, NULL, NULL, NULL, NULL, 0),
(24, 20240006, 202203081, 'SIODORA, NERI JANE P.', 'midterm', NULL, NULL, NULL, NULL, NULL, NULL, NULL, NULL, NULL, NULL, NULL, NULL, NULL, NULL, NULL, NULL, NULL, NULL, NULL, NULL, NULL, NULL, NULL, NULL, NULL, NULL, NULL, NULL, NULL, NULL, NULL, NULL, NULL, NULL, NULL, NULL, NULL, NULL, NULL, NULL, NULL, NULL, NULL, NULL, NULL, NULL, NULL, NULL, NULL, NULL, NULL, NULL, NULL, NULL, NULL, NULL, NULL, NULL, NULL, NULL, NULL, NULL, NULL, NULL, NULL, NULL, NULL, NULL, NULL, NULL, NULL, NULL, NULL, NULL, NULL, NULL, NULL, NULL, NULL, NULL, NULL, NULL, NULL, NULL, NULL, NULL, NULL, NULL, NULL, NULL, NULL, NULL, NULL, NULL, NULL, NULL, NULL, NULL, NULL, NULL, 0),
(25, 20240006, 202204573, 'SUBIAGA, DHEAN LEEANNE V.', 'midterm', NULL, NULL, NULL, NULL, NULL, NULL, NULL, NULL, NULL, NULL, NULL, NULL, NULL, NULL, NULL, NULL, NULL, NULL, NULL, NULL, NULL, NULL, NULL, NULL, NULL, NULL, NULL, NULL, NULL, NULL, NULL, NULL, NULL, NULL, NULL, NULL, NULL, NULL, NULL, NULL, NULL, NULL, NULL, NULL, NULL, NULL, NULL, NULL, NULL, NULL, NULL, NULL, NULL, NULL, NULL, NULL, NULL, NULL, NULL, NULL, NULL, NULL, NULL, NULL, NULL, NULL, NULL, NULL, NULL, NULL, NULL, NULL, NULL, NULL, NULL, NULL, NULL, NULL, NULL, NULL, NULL, NULL, NULL, NULL, NULL, NULL, NULL, NULL, NULL, NULL, NULL, NULL, NULL, NULL, NULL, NULL, NULL, NULL, NULL, NULL, 0),
(26, 20240006, 202203771, 'SUCGANG, ALYSSA SAMANTHA E.', 'midterm', NULL, NULL, NULL, NULL, NULL, NULL, NULL, NULL, NULL, NULL, NULL, NULL, NULL, NULL, NULL, NULL, NULL, NULL, NULL, NULL, NULL, NULL, NULL, NULL, NULL, NULL, NULL, NULL, NULL, NULL, NULL, NULL, NULL, NULL, NULL, NULL, NULL, NULL, NULL, NULL, NULL, NULL, NULL, NULL, NULL, NULL, NULL, NULL, NULL, NULL, NULL, NULL, NULL, NULL, NULL, NULL, NULL, NULL, NULL, NULL, NULL, NULL, NULL, NULL, NULL, NULL, NULL, NULL, NULL, NULL, NULL, NULL, NULL, NULL, NULL, NULL, NULL, NULL, NULL, NULL, NULL, NULL, NULL, NULL, NULL, NULL, NULL, NULL, NULL, NULL, NULL, NULL, NULL, NULL, NULL, NULL, NULL, NULL, NULL, NULL, 0),
(27, 20240006, 202200193, 'TAGBAGO, ERIC BRENT J.', 'midterm', NULL, NULL, NULL, NULL, NULL, NULL, NULL, NULL, NULL, NULL, NULL, NULL, NULL, NULL, NULL, NULL, NULL, NULL, NULL, NULL, NULL, NULL, NULL, NULL, NULL, NULL, NULL, NULL, NULL, NULL, NULL, NULL, NULL, NULL, NULL, NULL, NULL, NULL, NULL, NULL, NULL, NULL, NULL, NULL, NULL, NULL, NULL, NULL, NULL, NULL, NULL, NULL, NULL, NULL, NULL, NULL, NULL, NULL, NULL, NULL, NULL, NULL, NULL, NULL, NULL, NULL, NULL, NULL, NULL, NULL, NULL, NULL, NULL, NULL, NULL, NULL, NULL, NULL, NULL, NULL, NULL, NULL, NULL, NULL, NULL, NULL, NULL, NULL, NULL, NULL, NULL, NULL, NULL, NULL, NULL, NULL, NULL, NULL, NULL, NULL, 0),
(28, 20240006, 202201208, 'TAGOTONG, GLEN M.', 'midterm', NULL, NULL, NULL, NULL, NULL, NULL, NULL, NULL, NULL, NULL, NULL, NULL, NULL, NULL, NULL, NULL, NULL, NULL, NULL, NULL, NULL, NULL, NULL, NULL, NULL, NULL, NULL, NULL, NULL, NULL, NULL, NULL, NULL, NULL, NULL, NULL, NULL, NULL, NULL, NULL, NULL, NULL, NULL, NULL, NULL, NULL, NULL, NULL, NULL, NULL, NULL, NULL, NULL, NULL, NULL, NULL, NULL, NULL, NULL, NULL, NULL, NULL, NULL, NULL, NULL, NULL, NULL, NULL, NULL, NULL, NULL, NULL, NULL, NULL, NULL, NULL, NULL, NULL, NULL, NULL, NULL, NULL, NULL, NULL, NULL, NULL, NULL, NULL, NULL, NULL, NULL, NULL, NULL, NULL, NULL, NULL, NULL, NULL, NULL, NULL, 0),
(29, 20240006, 202200368, 'TERRENAL, DOMINIC C.', 'midterm', NULL, NULL, NULL, NULL, NULL, NULL, NULL, NULL, NULL, NULL, NULL, NULL, NULL, NULL, NULL, NULL, NULL, NULL, NULL, NULL, NULL, NULL, NULL, NULL, NULL, NULL, NULL, NULL, NULL, NULL, NULL, NULL, NULL, NULL, NULL, NULL, NULL, NULL, NULL, NULL, NULL, NULL, NULL, NULL, NULL, NULL, NULL, NULL, NULL, NULL, NULL, NULL, NULL, NULL, NULL, NULL, NULL, NULL, NULL, NULL, NULL, NULL, NULL, NULL, NULL, NULL, NULL, NULL, NULL, NULL, NULL, NULL, NULL, NULL, NULL, NULL, NULL, NULL, NULL, NULL, NULL, NULL, NULL, NULL, NULL, NULL, NULL, NULL, NULL, NULL, NULL, NULL, NULL, NULL, NULL, NULL, NULL, NULL, NULL, NULL, 0),
(30, 20240006, 202202097, 'VERGARA, JESSE I.', 'midterm', NULL, NULL, NULL, NULL, NULL, NULL, NULL, NULL, NULL, NULL, NULL, NULL, NULL, NULL, NULL, NULL, NULL, NULL, NULL, NULL, NULL, NULL, NULL, NULL, NULL, NULL, NULL, NULL, NULL, NULL, NULL, NULL, NULL, NULL, NULL, NULL, NULL, NULL, NULL, NULL, NULL, NULL, NULL, NULL, NULL, NULL, NULL, NULL, NULL, NULL, NULL, NULL, NULL, NULL, NULL, NULL, NULL, NULL, NULL, NULL, NULL, NULL, NULL, NULL, NULL, NULL, NULL, NULL, NULL, NULL, NULL, NULL, NULL, NULL, NULL, NULL, NULL, NULL, NULL, NULL, NULL, NULL, NULL, NULL, NULL, NULL, NULL, NULL, NULL, NULL, NULL, NULL, NULL, NULL, NULL, NULL, NULL, NULL, NULL, NULL, 0);

-- --------------------------------------------------------

--
-- Table structure for table `mcos`
--

CREATE TABLE `mcos` (
  `MCO_ID` int(11) NOT NULL,
  `schedule_id` int(11) NOT NULL,
  `CO` int(11) NOT NULL,
  `ATT` int(11) NOT NULL,
  `TAR` int(11) NOT NULL,
  `RM` enum('A','NA') NOT NULL,
  `comments` varchar(255) NOT NULL
) ENGINE=InnoDB DEFAULT CHARSET=utf8mb4 COLLATE=utf8mb4_general_ci;

--
-- Dumping data for table `mcos`
--

INSERT INTO `mcos` (`MCO_ID`, `schedule_id`, `CO`, `ATT`, `TAR`, `RM`, `comments`) VALUES
(1, 20240006, 1, 20, 20, 'A', ''),
(2, 20240006, 2, 12, 20, 'NA', ''),
(3, 20240006, 3, 13, 20, 'NA', ''),
(4, 20240006, 4, 10, 20, 'NA', '');

-- --------------------------------------------------------

--
-- Table structure for table `mlo`
--

CREATE TABLE `mlo` (
  `ID` int(25) NOT NULL,
  `schedule_id` int(11) NOT NULL,
  `exam_type` enum('midterm','finals') NOT NULL,
  `ILO` int(11) NOT NULL,
  `QN` int(11) NOT NULL,
  `NOP` int(11) NOT NULL,
  `NOS` int(11) NOT NULL,
  `ATT` int(11) NOT NULL,
  `TAR` int(11) NOT NULL,
  `RM` enum('A','NA') NOT NULL,
  `AP` varchar(255) NOT NULL
) ENGINE=InnoDB DEFAULT CHARSET=utf8mb4 COLLATE=utf8mb4_general_ci;

--
-- Dumping data for table `mlo`
--

INSERT INTO `mlo` (`ID`, `schedule_id`, `exam_type`, `ILO`, `QN`, `NOP`, `NOS`, `ATT`, `TAR`, `RM`, `AP`) VALUES
(1, 20240006, 'midterm', 1, 1, 10, 30, 33, 20, 'A', ''),
(2, 20240006, 'midterm', 1, 2, 6, 30, 20, 20, 'A', ''),
(3, 20240006, 'midterm', 2, 3, 5, 30, 17, 20, 'NA', ''),
(4, 20240006, 'midterm', 2, 4, 3, 30, 10, 20, 'NA', ''),
(5, 20240006, 'midterm', 3, 5, 4, 30, 13, 20, 'NA', ''),
(6, 20240006, 'midterm', 3, 6, 3, 30, 10, 20, 'NA', ''),
(7, 20240006, 'midterm', 4, 7, 4, 30, 13, 20, 'NA', ''),
(8, 20240006, 'midterm', 4, 8, 4, 30, 13, 20, 'NA', ''),
(9, 20240006, 'midterm', 5, 9, 3, 30, 10, 20, 'NA', ''),
(10, 20240006, 'midterm', 5, 10, 3, 30, 10, 20, 'NA', '');

-- --------------------------------------------------------

--
-- Table structure for table `mlos`
--

CREATE TABLE `mlos` (
  `CO_ID` int(11) NOT NULL,
  `schedule_id` int(11) NOT NULL,
  `CO` int(11) NOT NULL,
  `ILO` int(11) NOT NULL,
  `ATT` int(11) NOT NULL,
  `TAR` int(11) NOT NULL,
  `RM` enum('A','NA') NOT NULL
) ENGINE=InnoDB DEFAULT CHARSET=utf8mb4 COLLATE=utf8mb4_general_ci;

--
-- Dumping data for table `mlos`
--

INSERT INTO `mlos` (`CO_ID`, `schedule_id`, `CO`, `ILO`, `ATT`, `TAR`, `RM`) VALUES
(1, 20240006, 1, 1, 26, 20, 'A'),
(2, 20240006, 1, 2, 14, 20, 'NA'),
(3, 20240006, 2, 3, 12, 20, 'NA'),
(4, 20240006, 3, 4, 13, 20, 'NA'),
(5, 20240006, 4, 5, 10, 20, 'NA');

-- --------------------------------------------------------

--
-- Table structure for table `overallco`
--

CREATE TABLE `overallco` (
  `OID` int(11) NOT NULL,
  `co_id` int(11) DEFAULT NULL,
  `schedule_id` int(11) DEFAULT NULL,
  `ATT` int(11) DEFAULT NULL,
  `TAR` int(11) DEFAULT NULL,
  `RM` enum('A','NA') DEFAULT NULL
) ENGINE=InnoDB DEFAULT CHARSET=utf8mb4 COLLATE=utf8mb4_general_ci;

--
-- Dumping data for table `overallco`
--

INSERT INTO `overallco` (`OID`, `co_id`, `schedule_id`, `ATT`, `TAR`, `RM`) VALUES
(1, 1, 20240006, 20, 20, 'A'),
(2, 2, 20240006, 12, 20, 'NA'),
(3, 3, 20240006, 13, 20, 'NA'),
(4, 4, 20240006, 10, 20, 'NA');

-- --------------------------------------------------------

--
-- Table structure for table `schedule`
--

CREATE TABLE `schedule` (
  `schedule_id` int(11) NOT NULL,
  `subject_id` varchar(50) NOT NULL,
  `cid` int(11) NOT NULL,
  `userID` int(25) NOT NULL,
  `subject_code` varchar(50) NOT NULL,
  `description` varchar(255) NOT NULL,
  `username` varchar(50) NOT NULL,
  `academic_year` varchar(50) NOT NULL,
  `semester` enum('1','2','Summer') NOT NULL,
  `course_code` varchar(11) NOT NULL,
  `year` int(11) NOT NULL,
  `section` int(11) NOT NULL,
  `is_active` tinyint(1) DEFAULT 0
) ENGINE=InnoDB DEFAULT CHARSET=utf8mb4 COLLATE=utf8mb4_general_ci;

--
-- Dumping data for table `schedule`
--

INSERT INTO `schedule` (`schedule_id`, `subject_id`, `cid`, `userID`, `subject_code`, `description`, `username`, `academic_year`, `semester`, `course_code`, `year`, `section`, `is_active`) VALUES
(20240002, '1', 2, 201911777, 'ITEC199', 'Practicum - on-the-job training', 'marlowkey', '2024-2025', '2', 'BSCS', 4, 3, 0),
(20240003, '1', 2, 201911777, 'ITEC199', 'Practicum - on-the-job training', 'marlowkey', '2024-2025', '2', 'BSCS', 4, 4, 0),
(20240004, '1', 2, 201911777, 'ITEC199', 'Practicum - on-the-job training', 'marlowkey', '2024-2025', '1', 'BSCS', 4, 3, 1),
(20240006, '1', 1, 201911777, 'ITEC199', 'Practicum - on-the-job training', 'marlowkey', '2024-2025', '1', 'BSIT', 2, 1, 1),
(20245565, '3', 2, 20191182, 'ITEC111', 'Logic Formulation', 'M Credito', '2024-2025', '1', 'BSCS', 4, 1, 1),
(20255698, '4', 2, 20191182, 'IENG65', 'Statistical Analysis 2 for IE', 'M Credito', '2025-2026', '2', 'BSCS', 4, 5, 0),
(44441111, '1', 1, 321, 'ITEC199', 'Practicum - on-the-job training', 'Ni Hao Fyn Shi', '2024-2025', '1', 'BSIT', 4, 12, 1);

-- --------------------------------------------------------

--
-- Table structure for table `semester`
--

CREATE TABLE `semester` (
  `active_id` int(11) NOT NULL,
  `semester` int(11) NOT NULL,
  `academic_year` varchar(50) NOT NULL,
  `status` int(11) NOT NULL
) ENGINE=InnoDB DEFAULT CHARSET=latin1 COLLATE=latin1_swedish_ci;

-- --------------------------------------------------------

--
-- Table structure for table `so_mapping`
--

CREATE TABLE `so_mapping` (
  `sid` int(11) NOT NULL,
  `so` varchar(50) NOT NULL,
  `so_value` text DEFAULT NULL
) ENGINE=InnoDB DEFAULT CHARSET=utf8mb4 COLLATE=utf8mb4_general_ci;

--
-- Dumping data for table `so_mapping`
--

INSERT INTO `so_mapping` (`sid`, `so`, `so_value`) VALUES
(1, 'A', 'Apply knowledge of mathematics, natural science, engineering fundamentals and an engineering specialization to the solution of complex engineering problem'),
(2, 'B', 'Conduct investigations of complex engineering problems using research-based knowledgeand research methods including design of experiments, analysis and interpretation of data,and synthesis of information to provide valid conclusions.'),
(3, 'C', 'Design solution for complex engineering problem, design solution meeting multiple constraints.'),
(4, 'd', 'function effectively as an individual, and as a member or leader indiverse teams and multi-disciplinary settings.'),
(5, 'e', 'identify, formulate, research literature and analyze complex engineeringproblems reaching substantiated conclusions using first principles of mathematics,natural sciences and engineering sciences.'),
(6, 'f', 'apply ethical principles and commit to professional ethicsand responsibilities and norms of engineering practice.'),
(7, 'g', 'Communicate effectively on complex engineering activities with the engineering communityand with society at large, such as being able to comprehend and write effective reports anddesign documentation, make effective presentations, and give and receive clear instructions'),
(8, 'h', 'understand and evaluate the sustainability and impact of professional engineering workin solution of complex engineering problems in societal and environmental context.'),
(9, 'i', 'recognize the need for, and have the preparation and ability to engagein independent and life-long learning in the broadest context of technological change.'),
(10, 'j', 'apply reasoning informed by contextual knowledge to assess societal, health, safety,legal and cultural issues and consequent responsibilities relevant to professional engineering practice and solutions to complex engineering problems'),
(11, 'k', 'create, select and apply appropriate techniques, resources, and modern engineering and IT tools, including predictionand modelling, to complex engineering problems with an understanding of the limitations.'),
(12, 'l', 'demonstrate knowledge and understanding of engineering management principles and economic decision-makingand apply these to one\'s own work, as a member and leader in a team, to manage projects and in multidisciplinary environments'),
(13, 'm', 'ability to design, develop, implement, and improve integrated systems thatinclude people, materials, information, equipment and energy.');

-- --------------------------------------------------------

--
-- Table structure for table `so_pi_mapping`
--

CREATE TABLE `so_pi_mapping` (
  `id` int(11) NOT NULL,
  `schedule_id` int(11) NOT NULL,
  `so` varchar(10) NOT NULL,
  `pi` int(11) NOT NULL,
  `co_id` int(11) NOT NULL,
  `ATT` varchar(10) NOT NULL
) ENGINE=InnoDB DEFAULT CHARSET=utf8mb4 COLLATE=utf8mb4_general_ci;

--
-- Dumping data for table `so_pi_mapping`
--

INSERT INTO `so_pi_mapping` (`id`, `schedule_id`, `so`, `pi`, `co_id`, `ATT`) VALUES
(1, 20240006, 'A', 1, 1, '20'),
(2, 20240006, 'A', 2, 2, '12'),
(3, 20240006, 'A', 3, 3, '13'),
(4, 20240006, 'A', 4, 4, '10');

-- --------------------------------------------------------

--
-- Table structure for table `so_pi_targets`
--

CREATE TABLE `so_pi_targets` (
  `id` int(11) NOT NULL,
  `schedule_id` int(11) NOT NULL,
  `SO` varchar(10) NOT NULL,
  `PI` int(11) NOT NULL,
  `pi_perc` int(11) NOT NULL,
  `ATT` int(11) NOT NULL,
  `TAR` int(11) NOT NULL,
  `RM` enum('A','NA') NOT NULL
) ENGINE=InnoDB DEFAULT CHARSET=utf8mb4 COLLATE=utf8mb4_general_ci;

--
-- Dumping data for table `so_pi_targets`
--

INSERT INTO `so_pi_targets` (`id`, `schedule_id`, `SO`, `PI`, `pi_perc`, `ATT`, `TAR`, `RM`) VALUES
(478, 20240006, 'A', 1, 20, 20, 20, 'A'),
(479, 20240006, 'A', 2, 20, 12, 20, 'NA'),
(480, 20240006, 'A', 3, 20, 13, 20, 'NA'),
(481, 20240006, 'A', 4, 40, 10, 20, 'NA');

-- --------------------------------------------------------

--
-- Table structure for table `so_targets`
--

CREATE TABLE `so_targets` (
  `id` int(11) NOT NULL,
  `schedule_id` int(11) NOT NULL,
  `so` varchar(10) NOT NULL,
  `ATT` int(11) NOT NULL,
  `TAR` int(11) NOT NULL,
  `RM` enum('A','NA') NOT NULL
) ENGINE=InnoDB DEFAULT CHARSET=utf8mb4 COLLATE=utf8mb4_general_ci;

--
-- Dumping data for table `so_targets`
--

INSERT INTO `so_targets` (`id`, `schedule_id`, `so`, `ATT`, `TAR`, `RM`) VALUES
(121, 20240006, 'A', 12, 20, 'NA');

-- --------------------------------------------------------

--
-- Table structure for table `subject`
--

CREATE TABLE `subject` (
  `subject_id` varchar(50) NOT NULL,
  `subject_code` varchar(50) NOT NULL,
  `description` varchar(255) NOT NULL
) ENGINE=InnoDB DEFAULT CHARSET=utf8mb4 COLLATE=utf8mb4_general_ci;

--
-- Dumping data for table `subject`
--

INSERT INTO `subject` (`subject_id`, `subject_code`, `description`) VALUES
('1', 'ITEC199', 'Practicum - on-the-job training'),
('2', 'ITEC200B', 'Capstone 2'),
('3', 'ITEC111', 'Logic Formulation'),
('4', 'IENG65', 'Statistical Analysis 2 for IE');

--
-- Indexes for dumped tables
--

--
-- Indexes for table `account`
--
ALTER TABLE `account`
  ADD PRIMARY KEY (`userID`);

--
-- Indexes for table `course`
--
ALTER TABLE `course`
  ADD PRIMARY KEY (`cid`);

--
-- Indexes for table `department`
--
ALTER TABLE `department`
  ADD PRIMARY KEY (`dept_id`),
  ADD UNIQUE KEY `userID` (`userID`),
  ADD UNIQUE KEY `userID_2` (`userID`,`cid`);

--
-- Indexes for table `faps`
--
ALTER TABLE `faps`
  ADD PRIMARY KEY (`ID`);

--
-- Indexes for table `fclassrec`
--
ALTER TABLE `fclassrec`
  ADD PRIMARY KEY (`fid`);

--
-- Indexes for table `fcos`
--
ALTER TABLE `fcos`
  ADD PRIMARY KEY (`FCO_ID`);

--
-- Indexes for table `flo`
--
ALTER TABLE `flo`
  ADD PRIMARY KEY (`ID`);

--
-- Indexes for table `flos`
--
ALTER TABLE `flos`
  ADD PRIMARY KEY (`CO_ID`);

--
-- Indexes for table `listofstudents`
--
ALTER TABLE `listofstudents`
  ADD PRIMARY KEY (`id`);

--
-- Indexes for table `maps`
--
ALTER TABLE `maps`
  ADD PRIMARY KEY (`ID`);

--
-- Indexes for table `mclassrec`
--
ALTER TABLE `mclassrec`
  ADD PRIMARY KEY (`mid`);

--
-- Indexes for table `mcos`
--
ALTER TABLE `mcos`
  ADD PRIMARY KEY (`MCO_ID`);

--
-- Indexes for table `mlo`
--
ALTER TABLE `mlo`
  ADD PRIMARY KEY (`ID`);

--
-- Indexes for table `mlos`
--
ALTER TABLE `mlos`
  ADD PRIMARY KEY (`CO_ID`);

--
-- Indexes for table `overallco`
--
ALTER TABLE `overallco`
  ADD PRIMARY KEY (`OID`),
  ADD UNIQUE KEY `unique_co_schedule` (`co_id`,`schedule_id`);

--
-- Indexes for table `schedule`
--
ALTER TABLE `schedule`
  ADD PRIMARY KEY (`schedule_id`),
  ADD KEY `subject_id` (`subject_id`),
  ADD KEY `cid` (`cid`),
  ADD KEY `userID` (`userID`);

--
-- Indexes for table `semester`
--
ALTER TABLE `semester`
  ADD PRIMARY KEY (`active_id`),
  ADD UNIQUE KEY `semester` (`semester`),
  ADD UNIQUE KEY `academic_year` (`academic_year`);

--
-- Indexes for table `so_mapping`
--
ALTER TABLE `so_mapping`
  ADD PRIMARY KEY (`sid`),
  ADD UNIQUE KEY `so` (`so`);

--
-- Indexes for table `so_pi_mapping`
--
ALTER TABLE `so_pi_mapping`
  ADD PRIMARY KEY (`id`),
  ADD UNIQUE KEY `unique_mapping` (`schedule_id`,`so`,`pi`,`co_id`);

--
-- Indexes for table `so_pi_targets`
--
ALTER TABLE `so_pi_targets`
  ADD PRIMARY KEY (`id`),
  ADD UNIQUE KEY `unique_so_pi` (`schedule_id`,`SO`,`PI`);

--
-- Indexes for table `so_targets`
--
ALTER TABLE `so_targets`
  ADD PRIMARY KEY (`id`),
  ADD UNIQUE KEY `unique_schedule_so` (`schedule_id`,`so`);

--
-- Indexes for table `subject`
--
ALTER TABLE `subject`
  ADD PRIMARY KEY (`subject_id`);

--
-- AUTO_INCREMENT for dumped tables
--

--
-- AUTO_INCREMENT for table `course`
--
ALTER TABLE `course`
  MODIFY `cid` int(11) NOT NULL AUTO_INCREMENT, AUTO_INCREMENT=6;

--
-- AUTO_INCREMENT for table `department`
--
ALTER TABLE `department`
  MODIFY `dept_id` int(11) NOT NULL AUTO_INCREMENT, AUTO_INCREMENT=116;

--
-- AUTO_INCREMENT for table `faps`
--
ALTER TABLE `faps`
  MODIFY `ID` int(25) NOT NULL AUTO_INCREMENT;

--
-- AUTO_INCREMENT for table `fclassrec`
--
ALTER TABLE `fclassrec`
  MODIFY `fid` int(11) NOT NULL AUTO_INCREMENT, AUTO_INCREMENT=31;

--
-- AUTO_INCREMENT for table `fcos`
--
ALTER TABLE `fcos`
  MODIFY `FCO_ID` int(11) NOT NULL AUTO_INCREMENT;

--
-- AUTO_INCREMENT for table `flo`
--
ALTER TABLE `flo`
  MODIFY `ID` int(25) NOT NULL AUTO_INCREMENT;

--
-- AUTO_INCREMENT for table `flos`
--
ALTER TABLE `flos`
  MODIFY `CO_ID` int(11) NOT NULL AUTO_INCREMENT;

--
-- AUTO_INCREMENT for table `listofstudents`
--
ALTER TABLE `listofstudents`
  MODIFY `id` int(11) NOT NULL AUTO_INCREMENT, AUTO_INCREMENT=31;

--
-- AUTO_INCREMENT for table `maps`
--
ALTER TABLE `maps`
  MODIFY `ID` int(25) NOT NULL AUTO_INCREMENT, AUTO_INCREMENT=6;

--
-- AUTO_INCREMENT for table `mclassrec`
--
ALTER TABLE `mclassrec`
  MODIFY `mid` int(11) NOT NULL AUTO_INCREMENT, AUTO_INCREMENT=31;

--
-- AUTO_INCREMENT for table `mcos`
--
ALTER TABLE `mcos`
  MODIFY `MCO_ID` int(11) NOT NULL AUTO_INCREMENT, AUTO_INCREMENT=5;

--
-- AUTO_INCREMENT for table `mlo`
--
ALTER TABLE `mlo`
  MODIFY `ID` int(25) NOT NULL AUTO_INCREMENT, AUTO_INCREMENT=11;

--
-- AUTO_INCREMENT for table `mlos`
--
ALTER TABLE `mlos`
  MODIFY `CO_ID` int(11) NOT NULL AUTO_INCREMENT, AUTO_INCREMENT=6;

--
-- AUTO_INCREMENT for table `overallco`
--
ALTER TABLE `overallco`
  MODIFY `OID` int(11) NOT NULL AUTO_INCREMENT, AUTO_INCREMENT=9;

--
-- AUTO_INCREMENT for table `semester`
--
ALTER TABLE `semester`
  MODIFY `active_id` int(11) NOT NULL AUTO_INCREMENT;

--
-- AUTO_INCREMENT for table `so_mapping`
--
ALTER TABLE `so_mapping`
  MODIFY `sid` int(11) NOT NULL AUTO_INCREMENT, AUTO_INCREMENT=15;

--
-- AUTO_INCREMENT for table `so_pi_mapping`
--
ALTER TABLE `so_pi_mapping`
  MODIFY `id` int(11) NOT NULL AUTO_INCREMENT, AUTO_INCREMENT=5;

--
-- AUTO_INCREMENT for table `so_pi_targets`
--
ALTER TABLE `so_pi_targets`
  MODIFY `id` int(11) NOT NULL AUTO_INCREMENT, AUTO_INCREMENT=494;

--
-- AUTO_INCREMENT for table `so_targets`
--
ALTER TABLE `so_targets`
  MODIFY `id` int(11) NOT NULL AUTO_INCREMENT, AUTO_INCREMENT=125;

--
-- Constraints for dumped tables
--

--
-- Constraints for table `schedule`
--
ALTER TABLE `schedule`
  ADD CONSTRAINT `schedule_ibfk_1` FOREIGN KEY (`subject_id`) REFERENCES `subject` (`subject_id`),
  ADD CONSTRAINT `schedule_ibfk_2` FOREIGN KEY (`cid`) REFERENCES `course` (`cid`),
  ADD CONSTRAINT `schedule_ibfk_3` FOREIGN KEY (`userID`) REFERENCES `account` (`userID`);
COMMIT;

/*!40101 SET CHARACTER_SET_CLIENT=@OLD_CHARACTER_SET_CLIENT */;
/*!40101 SET CHARACTER_SET_RESULTS=@OLD_CHARACTER_SET_RESULTS */;
/*!40101 SET COLLATION_CONNECTION=@OLD_COLLATION_CONNECTION */;
